Date,Open,High,Low,Close,Adj Close,Volume,Company
07-08-2017,42.0975,43.092499,42,43.087502,42.609219,71741200,NVDA
08-08-2017,43.4725,43.639999,42.177502,42.575001,42.102413,75533600,NVDA
09-08-2017,42.107498,43.052502,41.9175,43.0275,42.549892,53078400,NVDA
10-08-2017,43.040001,43.165001,41.0825,41.185001,40.727844,132808800,NVDA
11-08-2017,39.285,39.75,38.227501,38.990002,38.557205,149719600,NVDA
14-08-2017,39.9175,42.137501,39.799999,42.099998,41.632675,127902000,NVDA
15-08-2017,42.1525,42.4175,41.397499,41.744999,41.281624,76453200,NVDA
16-08-2017,41.897499,42.134998,40.959999,41.287498,40.829189,59663200,NVDA
17-08-2017,41.202499,41.375,40.345001,40.3675,39.919411,52544400,NVDA
18-08-2017,40.9175,41.09,39.91,40.375,39.92683,60120400,NVDA
21-08-2017,40.622501,40.737499,39.342499,39.787498,39.345856,62367200,NVDA
22-08-2017,40.122501,40.697498,39.927502,40.637501,40.221794,45045600,NVDA
23-08-2017,40.299999,41.5625,40.212502,41.450001,41.025986,57952000,NVDA
24-08-2017,41.775002,41.82,41.029999,41.297501,40.875038,46970000,NVDA
25-08-2017,41.5425,41.645,40.887501,40.952499,40.533566,35720000,NVDA
28-08-2017,41.145,41.275002,40.5825,41.2425,40.82061,38949600,NVDA
29-08-2017,40.647499,41.395,40.564999,41.174999,40.753796,32409600,NVDA
30-08-2017,41.375,41.532501,41.067501,41.419998,40.996284,38440000,NVDA
31-08-2017,41.625,42.400002,41.549999,42.360001,41.926678,61268400,NVDA
01-09-2017,42.487499,42.974998,42.400002,42.615002,42.179062,44543200,NVDA
05-09-2017,42.095001,42.145,40.889999,41.477501,41.0532,69536400,NVDA
06-09-2017,41.810001,41.950001,41.099998,41.452499,41.028454,39767200,NVDA
07-09-2017,41.622501,41.9725,41.237499,41.645,41.218987,35286800,NVDA
08-09-2017,41.5275,41.677502,40.677502,40.922501,40.503876,49885600,NVDA
11-09-2017,41.384998,42.357498,41.330002,42.25,41.817799,56744400,NVDA
12-09-2017,42.5,42.5,41.7425,42.4025,41.968742,41148800,NVDA
13-09-2017,42.147499,42.884998,41.82,42.592499,42.156792,58096000,NVDA
14-09-2017,42.197498,43.139999,41.950001,42.349998,41.916775,51371200,NVDA
15-09-2017,43.215,45.0275,43.162498,45.0275,44.566879,136479200,NVDA
18-09-2017,46.285,47.799999,46.215,46.887501,46.407852,168446000,NVDA
19-09-2017,46.377499,47.462502,46.154999,46.837502,46.358379,87428000,NVDA
20-09-2017,46.875,47.355,46.052502,46.459999,45.984734,72492000,NVDA
21-09-2017,45.41,45.674999,44.4025,45.189999,44.72773,107560000,NVDA
22-09-2017,45.075001,45.577499,44.650002,44.75,44.292229,49123200,NVDA
25-09-2017,44.4375,44.450001,42.540001,42.75,42.312683,87458000,NVDA
26-09-2017,44.112499,44.669998,42.587502,42.990002,42.55024,112562000,NVDA
27-09-2017,43.904999,44.067501,43.1875,43.932499,43.483089,71372000,NVDA
28-09-2017,44.005001,44.044998,43.439999,43.919998,43.470718,43524400,NVDA
29-09-2017,44.77,44.932499,44.3125,44.692501,44.235317,61909200,NVDA
02-10-2017,45.200001,45.494999,44.25,44.75,44.292229,50348000,NVDA
03-10-2017,44.8125,45.145,44.395,44.842499,44.383785,39033200,NVDA
04-10-2017,44.904999,45.442501,44.535,45.217499,44.754955,42784800,NVDA
05-10-2017,45.465,45.5,44.889999,45.192501,44.730209,43736400,NVDA
06-10-2017,44.912498,45.459999,44.75,45.325001,44.861351,31880000,NVDA
09-10-2017,45.697498,46.682499,45.5075,46.3475,45.873386,56349200,NVDA
10-10-2017,47.857498,48.237499,46.814999,47.232498,46.749329,97487600,NVDA
11-10-2017,47.400002,47.75,46.935001,47.735001,47.246693,52950800,NVDA
12-10-2017,47.77,48.272499,47.482498,47.7575,47.268963,52829200,NVDA
13-10-2017,48.387501,48.75,47.912498,48.647499,48.149853,62872800,NVDA
16-10-2017,48.950001,49.512501,48.310001,49.482498,48.976311,57664000,NVDA
17-10-2017,49.272499,49.724998,49.087502,49.4375,48.931774,47859600,NVDA
18-10-2017,49.5275,49.535,48.330002,49.395,48.889721,56731600,NVDA
19-10-2017,48.610001,49.5,48.112499,49.450001,48.944149,57077200,NVDA
20-10-2017,49.622501,49.897499,49.134998,49.224998,48.721447,45162000,NVDA
23-10-2017,49.445,49.712502,48.950001,49.154999,48.652168,42869600,NVDA
24-10-2017,49.247501,49.6875,48.985001,49.669998,49.161892,40724400,NVDA
25-10-2017,49.27,49.805,47.7925,48.415001,47.919724,82816000,NVDA
26-10-2017,48.695,49.040001,48.452499,48.922501,48.42205,32274400,NVDA
27-10-2017,49.450001,50.467499,49.1875,50.465,49.948776,57219200,NVDA
30-10-2017,50.465,51.522499,50.305,50.959999,50.438709,50405600,NVDA
31-10-2017,51.282501,51.9725,51.224998,51.702499,51.173607,41190800,NVDA
01-11-2017,52.337502,52.4925,51.150002,51.799999,51.270103,50257600,NVDA
02-11-2017,51.5,51.952499,50.912498,51.485001,50.958332,34230800,NVDA
03-11-2017,51.799999,52.172501,51.334999,52.172501,51.638805,35364000,NVDA
06-11-2017,51.799999,52.494999,51.674999,52.407501,51.871395,38994400,NVDA
07-11-2017,52.637501,53.224998,52.514999,53.0075,52.46526,42770000,NVDA
08-11-2017,52.962502,53,51.810001,52.290001,51.755108,52298800,NVDA
09-11-2017,51.317501,51.5825,50.092499,51.330002,50.804924,97856400,NVDA
10-11-2017,53.27,54.6675,52.907501,54.035,53.482243,125325600,NVDA
13-11-2017,54.035,54.2925,53.002499,53.157501,52.61372,58237600,NVDA
14-11-2017,53.25,53.700001,52.807499,53.544998,52.997265,52929200,NVDA
15-11-2017,52.987499,53,51.950001,52.494999,51.958,50194800,NVDA
16-11-2017,53.244999,53.549999,52.8125,52.9025,52.361332,44176800,NVDA
17-11-2017,53.48,53.837502,52.6875,52.84,52.299469,51566400,NVDA
20-11-2017,52.997501,53.642502,52.625,53.52,52.972511,39610000,NVDA
21-11-2017,53.922501,54.130001,53.599998,54.012501,53.459972,39917600,NVDA
22-11-2017,54.25,54.25,53.4025,53.732498,53.219784,35664000,NVDA
24-11-2017,53.897499,54.25,53.650002,54.240002,53.72245,18075200,NVDA
27-11-2017,54.327499,54.34,53.502499,53.535,53.024181,42289600,NVDA
28-11-2017,53.587502,53.682499,52.060001,52.677502,52.174858,51275200,NVDA
29-11-2017,52.502499,52.529999,47.807499,49.105,48.63644,139678800,NVDA
30-11-2017,49.799999,50.669998,49.162498,50.177502,49.698711,82376800,NVDA
01-12-2017,49.827499,50.032501,48.1175,49.419998,48.948441,81154800,NVDA
04-12-2017,50.012501,50.075001,46.125,46.665001,46.21973,124084400,NVDA
05-12-2017,45.599998,48.174999,45.145,46.935001,46.48716,98148800,NVDA
06-12-2017,46.424999,47.535,46.209999,47.314999,46.863529,46703200,NVDA
07-12-2017,47.990002,48.400002,47.529999,47.997501,47.539516,54260000,NVDA
08-12-2017,48.502499,48.695,47.787498,47.872501,47.41571,46687600,NVDA
11-12-2017,48.014999,48.695,47.855,48.665001,48.200642,37274800,NVDA
12-12-2017,48.224998,48.459999,47.4725,47.709999,47.254749,45501600,NVDA
13-12-2017,48.125,48.137501,46.470001,46.544998,46.100861,55428000,NVDA
14-12-2017,46.48,47.334999,46.150002,46.6175,46.17268,43816400,NVDA
15-12-2017,47.0625,48.095001,46.404999,47.889999,47.433037,67003600,NVDA
18-12-2017,48.299999,49.505001,48,49.474998,49.002911,47770400,NVDA
19-12-2017,49.380001,49.432499,48.740002,49.0275,48.559685,37310000,NVDA
20-12-2017,49.424999,49.517502,48.637501,49.200001,48.730534,28882000,NVDA
21-12-2017,49.235001,49.487499,48.887501,48.9725,48.505207,30090400,NVDA
22-12-2017,48.599998,48.912498,47.8125,48.817501,48.351677,46627600,NVDA
26-12-2017,48.2575,49.4375,47.955002,49.360001,48.889015,35508000,NVDA
27-12-2017,49.224998,49.9925,49.077499,49.2925,48.822155,32948800,NVDA
28-12-2017,49.532501,49.845001,49.287498,49.349998,48.879105,24024800,NVDA
29-12-2017,49.615002,49.615002,48.375,48.375,47.913399,27996400,NVDA
02-01-2018,48.945,49.875,48.625,49.837502,49.361954,35561600,NVDA
03-01-2018,51.025002,53.424999,50.9375,53.1175,52.610657,91470400,NVDA
04-01-2018,53.939999,54.512501,53.172501,53.397499,52.887981,58326800,NVDA
05-01-2018,53.547501,54.227501,52.77,53.849998,53.336166,58012400,NVDA
08-01-2018,55.099998,56.25,54.645,55.5,54.970417,88121600,NVDA
09-01-2018,55.555,55.955002,54.66,55.485001,54.95557,49700000,NVDA
10-01-2018,54.549999,55.955002,54,55.919998,55.386421,58266400,NVDA
11-01-2018,56.25,56.567501,55.802502,56.02,55.485458,40603200,NVDA
12-01-2018,55.900002,56.247501,55.334999,55.744999,55.213081,35991600,NVDA
16-01-2018,56.012501,56.877499,54.172501,55.0275,54.502434,70234800,NVDA
17-01-2018,55.174999,56.279999,54.224998,56.18,55.643929,53840800,NVDA
18-01-2018,55.985001,56.66,55.669998,56.110001,55.574604,40863200,NVDA
19-01-2018,57.022499,57.772499,56.75,57.5275,56.978577,60938000,NVDA
22-01-2018,57.607498,58.439999,57.025002,58.422501,57.865036,55094400,NVDA
23-01-2018,58.962502,59.9575,58.775002,59.727501,59.157589,47522800,NVDA
24-01-2018,59.759998,60.122501,58.387501,58.950001,58.387497,57997200,NVDA
25-01-2018,59.5,59.9375,58.9375,59.087502,58.523697,40988400,NVDA
26-01-2018,59.529999,60.834999,59.400002,60.8325,60.252041,51635600,NVDA
29-01-2018,60.685001,62.0275,60.1525,61.712502,61.123642,45511600,NVDA
30-01-2018,60.2775,61.605,59.602501,60.68,60.101006,57083200,NVDA
31-01-2018,61.442501,62.317501,61.112499,61.450001,60.863651,47857600,NVDA
01-02-2018,59.630001,61.724998,59.514999,60.125,59.551292,51922400,NVDA
02-02-2018,59.25,59.4925,57.7925,58.380001,57.822933,71846400,NVDA
05-02-2018,56.75,58.307499,51.25,53.424999,52.915226,116520400,NVDA
06-02-2018,51.099998,56.424999,51,56.395,55.85688,111480000,NVDA
07-02-2018,57.395,58.7425,56.674999,57.200001,56.654202,80293200,NVDA
08-02-2018,58.470001,58.805,54.377499,54.380001,53.861107,114400000,NVDA
09-02-2018,59.5625,59.7225,54.380001,58.02,57.466377,167460400,NVDA
12-02-2018,58.84,58.869999,56.2575,57.0075,56.463531,109317200,NVDA
13-02-2018,56.639999,58.625,56.3125,58.157501,57.602573,62552400,NVDA
14-02-2018,57.75,60.647499,57.637501,60.355,59.779099,74498800,NVDA
15-02-2018,61.197498,62.092499,60.380001,61.625,61.036983,69890000,NVDA
16-02-2018,61.349998,62.5,60.8675,60.959999,60.378323,63765600,NVDA
20-02-2018,61.1875,62.967499,61.150002,62.27,61.675819,68624000,NVDA
21-02-2018,62.922501,62.9925,60.34,60.377499,59.801388,89229200,NVDA
22-02-2018,60.682499,61.407501,59.875,60.537498,59.997124,53436400,NVDA
23-02-2018,61.142502,61.482498,60.630001,61.482498,60.933681,41530000,NVDA
26-02-2018,61.950001,61.994999,61.014999,61.645,61.094734,46931200,NVDA
27-02-2018,61.375,62.227501,61.282501,61.514999,60.965889,45543600,NVDA
28-02-2018,61.625,62.025002,60.3825,60.5,59.959957,52311600,NVDA
01-03-2018,60.477501,61.022499,57.029999,58.052502,57.534309,104012000,NVDA
02-03-2018,56.965,59.200001,55.462502,59.134998,58.607143,91342800,NVDA
05-03-2018,58.627499,59.3125,57.380001,58.912498,58.386616,62077600,NVDA
06-03-2018,59.775002,60.735001,59.34,60.540001,59.999603,63680800,NVDA
07-03-2018,59.5,60.987499,59.487499,60.459999,59.920303,58120800,NVDA
08-03-2018,60.737499,60.737499,59.8475,60.294998,59.756771,41191200,NVDA
09-03-2018,60.775002,61.462502,60.612499,61.3325,60.785019,50552400,NVDA
12-03-2018,61.75,63.25,61.6675,62.439999,61.882641,60506000,NVDA
13-03-2018,62.872501,63.625,61.509998,61.927502,61.374706,61977200,NVDA
14-03-2018,62.362499,62.637501,61.555,62.185001,61.62991,50549600,NVDA
15-03-2018,62.322498,63.154999,61.91,62.334999,61.778564,40195200,NVDA
16-03-2018,62.5,62.8125,62.119999,62.619999,62.061028,39945600,NVDA
19-03-2018,62.044998,62.337502,59.25,60.25,59.712189,71377200,NVDA
20-03-2018,60.279999,62.787498,60.279999,62.395,61.838039,55469600,NVDA
21-03-2018,62.330002,63,61.8325,62.139999,61.585308,43868800,NVDA
22-03-2018,61.5,61.970001,60.084999,60.462502,59.922791,55119600,NVDA
23-03-2018,60.599998,60.625,58.130001,58.2425,57.722607,73562000,NVDA
26-03-2018,59.5,61.1325,58.974998,61.119999,60.574421,61142400,NVDA
27-03-2018,61.9375,62.5,54.962502,56.380001,55.876728,140900000,NVDA
28-03-2018,56.032501,57.3475,54.25,55.337502,54.84354,94590400,NVDA
29-03-2018,56.0275,58.875,55.174999,57.897499,57.380692,91662800,NVDA
02-04-2018,57.185001,58.662498,54.375,55.262501,54.769207,92209200,NVDA
03-04-2018,56.950001,57.587502,55.337502,56.337502,55.834602,66743200,NVDA
04-04-2018,53.752499,56.665001,53.5,56.560001,56.055126,78916800,NVDA
05-04-2018,57.150002,57.282501,54.622501,55.345001,54.850975,70124000,NVDA
06-04-2018,54.307499,55.400002,53.267502,53.5625,53.084381,66298800,NVDA
09-04-2018,54.200001,55.4925,53.650002,53.852501,53.371796,49952400,NVDA
10-04-2018,56.18,57.25,55.602501,56.977501,56.468891,76167600,NVDA
11-04-2018,56.827499,57.244999,56.23,56.560001,56.055126,46024400,NVDA
12-04-2018,57.5,58.830002,57.052502,58.650002,58.126472,59392000,NVDA
13-04-2018,59.2925,59.377499,57.387501,57.875,57.358383,50303600,NVDA
16-04-2018,57.942501,58.209999,56.919998,57.872501,57.355907,35079200,NVDA
17-04-2018,58.400002,59.599998,57.837502,59.384998,58.854912,44722400,NVDA
18-04-2018,58.875,59.8125,58.192501,59.092499,58.565018,39136400,NVDA
19-04-2018,57.9375,58.275002,56.700001,57.259998,56.748871,47199600,NVDA
20-04-2018,57.172501,58.025002,56.862499,57.177502,56.667107,38620000,NVDA
23-04-2018,57.357498,57.875,55.7075,55.970001,55.47039,42750800,NVDA
24-04-2018,56.23,57.200001,54.639999,55.299999,54.806374,41459600,NVDA
25-04-2018,55,55.395,52.575001,54.165001,53.681499,58849200,NVDA
26-04-2018,55.799999,56.387501,55.1325,56.305,55.802402,37582400,NVDA
27-04-2018,57.375,57.575001,56.154999,56.5825,56.077427,40084800,NVDA
30-04-2018,56.747501,57.25,56.029999,56.224998,55.723106,32784400,NVDA
01-05-2018,56.142502,56.8125,55.549999,56.785,56.278118,25378800,NVDA
02-05-2018,56.75,57.200001,56.3125,56.577499,56.072468,26824800,NVDA
03-05-2018,56.900002,58.512501,56.442501,58.247501,57.727562,44314400,NVDA
04-05-2018,57.9575,59.797501,57.782501,59.764999,59.231518,40066000,NVDA
07-05-2018,60.822498,62.747501,60.7225,62.169998,61.61504,68761600,NVDA
08-05-2018,62.172501,62.627499,61.677502,62.599998,62.041206,50661600,NVDA
09-05-2018,62.802502,63.967499,62.5275,63.945,63.374195,59676000,NVDA
10-05-2018,64.480003,65.125,64.300003,65.032501,64.451996,99408000,NVDA
11-05-2018,63.195,64.947502,62.634998,63.6325,63.064491,121445600,NVDA
14-05-2018,64.017502,64.622498,63.599998,63.84,63.270134,52314000,NVDA
15-05-2018,63.197498,63.224998,60.375,61.389999,60.84201,96352800,NVDA
16-05-2018,61,62.130001,60.627499,61.502499,60.953503,55382800,NVDA
17-05-2018,61.52,62.875,61.357498,61.927502,61.374706,51978400,NVDA
18-05-2018,62.452499,63.092499,61.435001,61.485001,60.936165,48371600,NVDA
21-05-2018,62.470001,62.5075,60.122501,61.060001,60.514957,64062400,NVDA
22-05-2018,61.195,61.450001,60.0625,60.674999,60.133389,51826400,NVDA
23-05-2018,60.07,61.897499,60.0625,61.884998,61.370518,44295600,NVDA
24-05-2018,61.8475,62.349998,61.310001,61.922501,61.407707,43737200,NVDA
25-05-2018,62.049999,62.485001,61.689999,62.32,61.801899,29211200,NVDA
29-05-2018,62.137501,62.834999,61.674999,62.147499,61.630836,35268400,NVDA
30-05-2018,62.487499,63.334999,62.237499,63.247501,62.721691,39099600,NVDA
31-05-2018,62.924999,63.799999,62.817501,63.047501,62.523354,49386800,NVDA
01-06-2018,63.5,64.467499,63.412498,64.404999,63.869568,42196800,NVDA
04-06-2018,64.75,66.434998,64.425003,66.212502,65.662048,64202400,NVDA
05-06-2018,66.245003,66.647499,65.792503,66.267502,65.716576,39171200,NVDA
06-06-2018,65.357498,66.32,65.192497,66.287498,65.73642,37135600,NVDA
07-06-2018,66.25,66.370003,64.8125,65.724998,65.178581,36944800,NVDA
08-06-2018,64.989998,66,64.800003,65.57,65.024872,36045600,NVDA
11-06-2018,65.442497,65.862503,65.025002,65.154999,64.613335,26537200,NVDA
12-06-2018,65.422501,65.767502,64.915001,65.644997,65.099251,31916000,NVDA
13-06-2018,65.660004,66.417503,65.5075,65.599998,65.054634,33820800,NVDA
14-06-2018,66.055,67.300003,65.904999,66.727501,66.172775,43001600,NVDA
15-06-2018,66.150002,66.870003,65.837502,66.315002,65.763687,43226000,NVDA
18-06-2018,65.870003,66.449997,65.595001,66.272499,65.721542,35626800,NVDA
19-06-2018,65.230003,65.910004,63.755001,65.042503,64.501778,59493200,NVDA
20-06-2018,65.457497,66.112503,65.07,65.577499,65.032333,36978000,NVDA
21-06-2018,65.900002,66.084999,64.199997,64.277496,63.743122,35951600,NVDA
22-06-2018,64.487503,64.622498,62.5825,62.737499,62.215927,43416000,NVDA
25-06-2018,61.662498,61.700001,58.884998,59.779999,59.28302,66581600,NVDA
26-06-2018,60.924999,61.412498,59.977501,60.497501,59.994556,47888400,NVDA
27-06-2018,60.9375,61.607498,58.875,58.93,58.440083,45389200,NVDA
28-06-2018,58.830002,60.334999,58.752499,60.215,59.714401,33801200,NVDA
29-06-2018,60.872501,61,59.212502,59.224998,58.732635,39230000,NVDA
02-07-2018,58.522499,60.5975,58.314999,60.560001,60.056538,35757200,NVDA
03-07-2018,60.91,60.970001,59.125,59.209999,58.717758,22273200,NVDA
05-07-2018,59.767502,60.732498,59.375,60.682499,60.178013,30621600,NVDA
06-07-2018,60.435001,61.9175,60.220001,61.8325,61.318459,29635200,NVDA
09-07-2018,62.5825,62.68,61.517502,62.3125,61.794472,30388000,NVDA
10-07-2018,62.4375,63.535,62.029999,63.3125,62.786156,36001600,NVDA
11-07-2018,62.375,62.724998,61.775002,61.8825,61.36805,36750800,NVDA
12-07-2018,62.34,63.2925,62.240002,62.807499,62.285343,34550800,NVDA
13-07-2018,62.994999,62.994999,61.904999,62.330002,61.811825,24698800,NVDA
16-07-2018,62.049999,62.584999,61.924999,62.049999,61.534142,19703600,NVDA
17-07-2018,61.552502,63.575001,61.294998,63.422501,62.895237,36213600,NVDA
18-07-2018,63.3475,63.487499,62.41,62.924999,62.401871,27764000,NVDA
19-07-2018,62.735001,63.3475,62.5825,63.0075,62.483696,23575200,NVDA
20-07-2018,62.982498,63.375,62.612499,62.7225,62.201057,22235200,NVDA
23-07-2018,62.455002,62.4725,60.82,62.352501,61.834133,30158400,NVDA
24-07-2018,62.837502,63.712502,62,62.177502,61.660587,35462000,NVDA
25-07-2018,62.272499,63.095001,61.6875,62.967499,62.444023,31911200,NVDA
26-07-2018,62.764999,64.082497,62.595001,63.709999,63.180344,32512400,NVDA
27-07-2018,64.080002,64.150002,62.459999,63.005001,62.481209,29542000,NVDA
30-07-2018,63.147499,63.2075,60.68,61.032501,60.525108,34034000,NVDA
31-07-2018,60.927502,61.970001,60.535,61.215,60.706081,28398800,NVDA
01-08-2018,61.532501,62.09,60.9725,61.6175,61.10524,28355600,NVDA
02-08-2018,60.897499,62.695,60.302502,62.654999,62.134117,26966800,NVDA
03-08-2018,62.9025,63.264999,62.732498,63.025002,62.501045,21428800,NVDA
06-08-2018,62.897499,63.5425,62.427502,63.5075,62.979534,20750800,NVDA
07-08-2018,64,64.425003,63.73,64.237503,63.703484,25813200,NVDA
08-08-2018,64.25,65.059998,63.897499,64.605003,64.067917,26210000,NVDA
09-08-2018,64.785004,64.8125,64.037498,64.114998,63.581985,20428000,NVDA
10-08-2018,63.287498,64.025002,63.174999,63.697498,63.167946,25639600,NVDA
13-08-2018,63.785,65.25,63.767502,64.029999,63.497681,37520800,NVDA
14-08-2018,65.095001,65.5,64.254997,65.357498,64.814171,46622000,NVDA
15-08-2018,65.567497,65.910004,63.974998,64.769997,64.231529,59113600,NVDA
16-08-2018,65.474998,65.5,63.752499,64.360001,63.824944,80126000,NVDA
17-08-2018,63.235001,63.2425,60.932499,61.205002,60.696171,114318800,NVDA
20-08-2018,60.794998,63.299999,59.68,61.959999,61.444897,85438800,NVDA
21-08-2018,62.125,63.375,61.924999,63.330002,62.803509,67398800,NVDA
22-08-2018,63,65.754997,62.965,65.705002,65.15876,74985600,NVDA
23-08-2018,65.315002,67.370003,65.175003,66.709999,66.155403,72068400,NVDA
24-08-2018,66.794998,68.202499,66.75,68.055,67.489227,53151200,NVDA
27-08-2018,68.355003,69.724998,68.037498,68.974998,68.401581,50577600,NVDA
28-08-2018,68.915001,69.144997,67.3825,68.595001,68.024742,47538400,NVDA
29-08-2018,68.480003,69.875,68.269997,69.622498,69.081459,42010800,NVDA
30-08-2018,69.307503,70.43,69.080002,69.452499,68.912766,34660800,NVDA
31-08-2018,69.25,70.300003,69.150002,70.169998,69.624687,30659200,NVDA
04-09-2018,70.037498,71.305,69.75,70.925003,70.373833,39172000,NVDA
05-09-2018,70.747498,71.105003,68.787498,69.605003,69.064117,39315600,NVDA
06-09-2018,69.440002,69.464996,67.847504,68.18,67.650162,32279600,NVDA
07-09-2018,67.25,69.232498,66.797501,67.964996,67.436836,29542000,NVDA
10-09-2018,68.192497,68.982498,67.75,68.682503,68.148766,22014000,NVDA
11-09-2018,68.214996,69.099998,68.004997,68.199997,67.670013,24311200,NVDA
12-09-2018,67.797501,67.995003,65.480003,67.050003,66.528946,41909200,NVDA
13-09-2018,67.714996,68.75,67.540001,67.834999,67.307869,30553600,NVDA
14-09-2018,68.747498,69.775002,68.375,69.107498,68.570473,38693600,NVDA
17-09-2018,68.849998,69.345001,68.287498,68.482498,67.95031,20552800,NVDA
18-09-2018,68.522499,69.559998,67.6875,67.754997,67.228462,29952000,NVDA
19-09-2018,67.567497,68.175003,67.0625,67.995003,67.466621,22486000,NVDA
20-09-2018,66.762497,67.190002,66.025002,66.57,66.052681,43058400,NVDA
21-09-2018,66.690002,67.150002,65.527496,65.862503,65.350693,43512800,NVDA
24-09-2018,65.550003,66.459999,64.669998,66.425003,65.908813,29391200,NVDA
25-09-2018,67.092499,67.355003,66.227501,67.102501,66.581039,28038800,NVDA
26-09-2018,67.152496,67.559998,66.57,66.730003,66.211464,26854800,NVDA
27-09-2018,67.084999,67.300003,66.532501,66.849998,66.330498,21442800,NVDA
28-09-2018,68.182503,70.480003,67.900002,70.254997,69.709045,70939600,NVDA
01-10-2018,71.040001,73.014999,70.650002,72.339996,71.77784,62206000,NVDA
02-10-2018,72.0625,73.190002,71.394997,71.620003,71.063423,38396400,NVDA
03-10-2018,72.330002,72.404999,70.6325,71.682503,71.12545,32055200,NVDA
04-10-2018,71.317497,71.5625,69.044998,69.822502,69.279907,39122000,NVDA
05-10-2018,69.572502,70.199997,66.885002,67.464996,66.940727,42663600,NVDA
08-10-2018,66.625,67.790001,65.019997,66.442497,65.92617,40861200,NVDA
09-10-2018,66.235001,67.190002,65.699997,66.385002,65.869133,27350000,NVDA
10-10-2018,65.315002,65.777496,61.400002,61.422501,60.945183,68494000,NVDA
11-10-2018,60.5425,61.889999,58.564999,58.782501,58.325703,72543600,NVDA
12-10-2018,61.377499,62.384998,59.912498,61.634998,61.156033,60823600,NVDA
15-10-2018,61.5,61.5,58.834999,58.845001,58.387714,44976000,NVDA
16-10-2018,59.982498,61.57,59.485001,61.4575,60.979912,40871200,NVDA
17-10-2018,62.084999,62.470001,60.27,60.764999,60.292789,32966800,NVDA
18-10-2018,61.465,61.852501,59.272499,59.8825,59.417141,52402000,NVDA
19-10-2018,60.439999,60.637501,56.924999,57.2925,56.847275,61360800,NVDA
22-10-2018,57.82,58.830002,56.767502,57.805,57.355793,36884400,NVDA
23-10-2018,55.107498,56.047501,54.177502,55.264999,54.835533,62643600,NVDA
24-10-2018,54.877499,55.3475,49.712502,49.852501,49.465099,88428800,NVDA
25-10-2018,48.8675,52.4375,48.419998,51.959999,51.556217,95172000,NVDA
26-10-2018,49.577499,51.209999,48.279999,49.572498,49.187267,66478400,NVDA
29-10-2018,50.997501,51.032501,44.002499,46.404999,46.044388,75801600,NVDA
30-10-2018,46.637501,50.849998,46.404999,50.75,50.355618,80719200,NVDA
31-10-2018,52.412498,53.147499,51.002499,52.7075,52.297909,74577200,NVDA
01-11-2018,53.075001,54.622501,51.797501,54.5275,54.10376,56652800,NVDA
02-11-2018,54.432499,55.5,52.552502,53.73,53.312462,45296000,NVDA
05-11-2018,53.5975,53.8325,51.32,52.942501,52.531082,37933200,NVDA
06-11-2018,52.862499,53.712502,52.389999,52.764999,52.354961,29901200,NVDA
07-11-2018,53.4375,54.352501,52.794998,53.447498,53.032158,48381200,NVDA
08-11-2018,52.849998,52.857498,50.9575,51.497501,51.097313,51135200,NVDA
09-11-2018,50.599998,52.330002,50.259998,51.4175,51.017933,41324000,NVDA
12-11-2018,50.494999,50.717499,47.165001,47.384998,47.016769,61711600,NVDA
13-11-2018,48.372501,51.052502,48.310001,49.827499,49.440292,64471200,NVDA
14-11-2018,51.575001,51.720001,48.2075,49.297501,48.914406,52658000,NVDA
15-11-2018,49.237499,51.325001,48.875,50.5975,50.204304,84070800,NVDA
16-11-2018,40.830002,42.665001,40.4025,41.107498,40.788048,196352000,NVDA
19-11-2018,40.447498,40.455002,36.157501,36.174999,35.893887,169782000,NVDA
20-11-2018,33.514999,38.564999,33.327499,37.27,36.980366,169203200,NVDA
21-11-2018,38.654999,38.825001,35.9025,36.177502,35.896362,102549600,NVDA
23-11-2018,35.827499,37.397499,35.697498,36.25,35.968296,41196800,NVDA
26-11-2018,37.4725,38.3675,36.639999,38.262501,37.965164,81483200,NVDA
27-11-2018,38,39.252499,37.637501,38.432499,38.133842,73806000,NVDA
28-11-2018,39.619999,40.07,38.282501,40.017502,39.70652,80452400,NVDA
29-11-2018,40,40.375,39.035,39.34,39.073349,54917200,NVDA
30-11-2018,39.4375,40.965,38.93,40.857498,40.580555,72956400,NVDA
03-12-2018,43.150002,43.669998,41.834999,42.509998,42.221851,89080400,NVDA
04-12-2018,42.060001,42.110001,39.125,39.2775,39.011265,81211200,NVDA
06-12-2018,37.860001,39.622501,37.702499,39.572498,39.304264,69230800,NVDA
07-12-2018,39.615002,39.717499,36.404999,36.9025,36.65237,68167600,NVDA
10-12-2018,36.450001,38.215,36.412498,37.965,37.707668,62947200,NVDA
11-12-2018,38.889999,38.9725,36.25,37.047501,36.796383,67191200,NVDA
12-12-2018,37.105,38.195,36.205002,37.224998,36.972683,65413600,NVDA
13-12-2018,37.697498,38.345001,36.860001,37.2225,36.970196,47138400,NVDA
14-12-2018,36.802502,37.647499,36.375,36.612499,36.36433,47182000,NVDA
17-12-2018,36.310001,37.037498,35.310001,35.895,35.651695,66286800,NVDA
18-12-2018,36.337502,37.5825,36.0625,36.735001,36.486,56437200,NVDA
19-12-2018,36.395,36.935001,34.107498,34.627499,34.392792,74536400,NVDA
20-12-2018,34.5425,35.450001,33.172501,33.775002,33.546066,74958800,NVDA
21-12-2018,34.0425,34.375,32.115002,32.392502,32.172935,86374000,NVDA
24-12-2018,31.622499,32.494999,31.125,31.77,31.554657,46384000,NVDA
26-12-2018,32.235001,33.285,31.115,33.275002,33.04945,69510000,NVDA
27-12-2018,32.747501,33.095001,31.295,32.7925,32.570229,63704400,NVDA
28-12-2018,33,34.3475,32.577499,33.412498,33.18602,62872800,NVDA
31-12-2018,33.849998,34.177502,33.064999,33.375,33.148773,46514000,NVDA
02-01-2019,32.66,34.619999,32.512501,34.055,33.824158,50875200,NVDA
03-01-2019,33.447498,33.790001,31.922501,31.997499,31.780611,70555200,NVDA
04-01-2019,32.735001,34.432499,32.424999,34.047501,33.816719,58562000,NVDA
07-01-2019,34.625,36.2225,34.107498,35.849998,35.606995,70916000,NVDA
08-01-2019,36.672501,36.695,34.224998,34.9575,34.720539,78601600,NVDA
09-01-2019,35.474998,36.122501,34.965,35.645,35.403389,61726000,NVDA
10-01-2019,35.450001,36.395,34.84,36.307499,36.061398,52315600,NVDA
11-01-2019,36.0825,37.4375,35.802502,37.2075,36.955296,87476400,NVDA
14-01-2019,36.68,37.865002,36.442501,37.610001,37.355072,73016800,NVDA
15-01-2019,37.939999,38.337502,37.282501,37.467499,37.213531,61701200,NVDA
16-01-2019,37.7425,38.075001,37.154999,37.209999,36.957783,47010400,NVDA
17-01-2019,36.877499,38.3325,36.602501,37.93,37.672897,49343600,NVDA
18-01-2019,38.432499,39.494999,37.912498,39.232498,38.966576,65133600,NVDA
22-01-2019,38.927502,39.044998,36.887501,37.192501,36.940403,66155200,NVDA
23-01-2019,37.75,38.645,37.0075,37.322498,37.069515,59102000,NVDA
24-01-2019,38.174999,39.637501,38.127499,39.459999,39.192524,70897200,NVDA
25-01-2019,38.860001,40.220001,37.825001,40.037498,39.766117,115457200,NVDA
28-01-2019,34.137501,35.41,32.75,34.502499,34.268639,251152800,NVDA
29-01-2019,34.037498,34.525002,32.752499,32.900002,32.676991,115393200,NVDA
30-01-2019,33.6675,34.4925,32.865002,34.3475,34.114681,97422800,NVDA
31-01-2019,34.314999,36.297501,34.095001,35.9375,35.693905,84285200,NVDA
01-02-2019,36.125,36.697498,35.645,36.182499,35.937241,62504800,NVDA
04-02-2019,36.342499,37.669998,36.119999,37.294998,37.042217,52859200,NVDA
05-02-2019,37.415001,37.857498,37.075001,37.487499,37.233398,54242400,NVDA
06-02-2019,37.822498,38.900002,37.767502,38.25,37.99073,70246400,NVDA
07-02-2019,37.782501,37.805,36.422501,36.855,36.605186,63712000,NVDA
08-02-2019,36.177502,37.150002,36.032501,37.0425,36.791416,46160400,NVDA
11-02-2019,36.5975,37.145,36.125,36.612499,36.36433,49518000,NVDA
12-02-2019,37,37.950001,36.855,37.7925,37.536335,59106000,NVDA
13-02-2019,38.09,38.9575,37.952499,38.220001,37.960934,60537200,NVDA
14-02-2019,38.209999,38.9175,37.775002,38.6325,38.37064,82726400,NVDA
15-02-2019,40.737499,40.967499,39.105,39.334999,39.068378,151674800,NVDA
19-02-2019,39.227501,39.9725,39.035,39.16,38.894569,55189200,NVDA
20-02-2019,39.455002,40.314999,39.342499,39.637501,39.368828,54098800,NVDA
21-02-2019,39.764999,40.012501,38.794998,38.942501,38.678543,44854800,NVDA
22-02-2019,39.465,39.987499,39.327499,39.797501,39.52774,40174000,NVDA
25-02-2019,40.639999,41.32,39.584999,39.672501,39.403587,65602000,NVDA
26-02-2019,39.625,40.189999,38.9375,39.275002,39.008789,48846400,NVDA
27-02-2019,39.130001,39.397499,38.2775,38.852501,38.589153,50025600,NVDA
28-02-2019,38.75,38.974998,38.34,38.564999,38.343075,32494400,NVDA
01-03-2019,39.067501,39.537498,38.48,39.112499,38.887417,35718800,NVDA
04-03-2019,39.5,39.73,38.625,39.195,38.969452,40999200,NVDA
05-03-2019,39.037498,39.514999,38.490002,39.130001,38.904831,36292400,NVDA
06-03-2019,39.040001,39.125,37.985001,38.012501,37.793755,40352400,NVDA
07-03-2019,37.775002,37.872501,36.849998,37.314999,37.100262,45010400,NVDA
08-03-2019,36.415001,37.767502,36.200001,37.66,37.443283,42241600,NVDA
11-03-2019,37.897499,40.514999,37.422501,40.285,40.053173,85972800,NVDA
12-03-2019,40.564999,41.0975,39.797501,40.630001,40.396194,57957600,NVDA
13-03-2019,41.0075,42.450001,40.932499,42.154999,41.912415,76890000,NVDA
14-03-2019,42.247501,42.3675,41.3125,41.389999,41.151817,51938400,NVDA
15-03-2019,41.825001,42.8825,41.790001,42.452499,42.208199,66148400,NVDA
18-03-2019,42.77,43.3125,41.965,42.237499,41.994442,48699200,NVDA
19-03-2019,43.189999,44.375,43.02,43.927502,43.674721,85497200,NVDA
20-03-2019,44.220001,44.7575,43.25,43.599998,43.349098,71914800,NVDA
21-03-2019,43.8325,46.25,43.782501,45.985001,45.720383,82431200,NVDA
22-03-2019,45.709999,46.200001,44.235001,44.375,44.119633,74764400,NVDA
25-03-2019,43.965,44.612499,42.7775,43.445,43.194992,52521200,NVDA
26-03-2019,44.872501,45.4375,43.650002,44.217499,43.963039,70350800,NVDA
27-03-2019,44.474998,44.942501,43.424999,44.125,43.871086,47437200,NVDA
28-03-2019,44.387501,44.974998,43.7775,44.3125,44.057503,48026400,NVDA
29-03-2019,44.985001,45.134998,44.477501,44.889999,44.63168,45689600,NVDA
01-04-2019,45.814999,45.875,45.092499,45.57,45.307755,48382400,NVDA
02-04-2019,45.8125,46.197498,45.380001,45.75,45.486729,44092000,NVDA
03-04-2019,46.25,47.75,46.200001,47.154999,46.883644,78350400,NVDA
04-04-2019,47,47.4925,46.432499,47.064999,46.794155,45737600,NVDA
05-04-2019,47.5,47.912498,47.1325,47.737499,47.462788,48174400,NVDA
08-04-2019,47.43,48.200001,47.1875,47.947498,47.671577,42419200,NVDA
09-04-2019,47.610001,47.7225,46.889999,47.314999,47.042713,43997200,NVDA
10-04-2019,47.307499,48.285,47.262501,48.025002,47.748642,44477200,NVDA
11-04-2019,48.049999,48.3675,47.387501,47.884998,47.60944,37460000,NVDA
12-04-2019,48.275002,48.314999,47.415001,47.502499,47.229141,47170800,NVDA
15-04-2019,47.424999,47.474998,45.775002,46.174999,45.909275,44009200,NVDA
16-04-2019,46.57,47.2425,46.240002,47.052502,46.781727,39496400,NVDA
17-04-2019,47.404999,47.615002,46.5975,46.822498,46.553055,35100400,NVDA
18-04-2019,46.889999,47.232498,46.294998,46.575001,46.306976,38098800,NVDA
22-04-2019,46.337502,47.275002,46.02,47.1175,46.846355,27993600,NVDA
23-04-2019,47.25,47.982498,47.1525,47.6675,47.393188,34685600,NVDA
24-04-2019,47.772499,48.202499,47.16,47.7925,47.517471,31820400,NVDA
25-04-2019,47.387501,47.612499,45.924999,46.727501,46.458599,49929600,NVDA
26-04-2019,45.177502,45.2225,43.325001,44.522499,44.266289,86898800,NVDA
29-04-2019,44.602501,45.112499,43.875,44.8325,44.574509,39192000,NVDA
30-04-2019,44.5075,45.5075,44.314999,45.25,44.989605,36292000,NVDA
01-05-2019,45.7775,46.202499,45.115002,45.1175,44.857868,35428000,NVDA
02-05-2019,45.215,46.217499,44.779999,45.797501,45.533943,39468400,NVDA
03-05-2019,45.8825,45.982498,45.1325,45.752499,45.48922,33682400,NVDA
06-05-2019,43.875,45.084999,43.5,44.962502,44.703754,42217600,NVDA
07-05-2019,44.474998,44.474998,42.7925,43.2775,43.028454,55522000,NVDA
08-05-2019,43,44.287498,42.880001,43.48,43.22979,41916800,NVDA
09-05-2019,42.785,42.8825,41.349998,42.547501,42.30265,66024800,NVDA
10-05-2019,42.237499,42.897499,41,42.205002,41.962124,56950000,NVDA
13-05-2019,40.875,41.107498,39.452499,39.612499,39.384544,65691200,NVDA
14-05-2019,40.012501,40.865002,39.622501,40.509998,40.276878,52488000,NVDA
15-05-2019,39.950001,40.262501,39.352501,39.895,39.665421,50232000,NVDA
16-05-2019,39.84,40.477501,39.412498,40.047501,39.817039,78108800,NVDA
17-05-2019,39.625,40.927502,38.735001,39.1325,38.90731,102206800,NVDA
20-05-2019,38.137501,38.692501,37.6875,37.9375,37.719173,57206400,NVDA
21-05-2019,38.549999,38.924999,38.16,38.764999,38.541931,36184800,NVDA
22-05-2019,38.375,38.637501,37.939999,38.049999,37.831032,32586800,NVDA
23-05-2019,37.422501,37.422501,36.227501,36.830002,36.618061,59184400,NVDA
24-05-2019,37.02,37.375,36.220001,36.287498,36.078682,35758400,NVDA
28-05-2019,36.465,36.794998,35.8125,35.8325,35.626301,42835600,NVDA
29-05-2019,35.352501,35.705002,34.735001,35.084999,34.883091,55980000,NVDA
30-05-2019,35.077499,35.4375,34.392502,34.7775,34.616833,39430000,NVDA
31-05-2019,34.285,34.962502,33.8475,33.865002,33.708561,38972000,NVDA
03-06-2019,33.977501,34.3675,33.150002,33.445,33.290493,47864400,NVDA
04-06-2019,34.09,35.802502,33.8675,35.75,35.584843,64183600,NVDA
05-06-2019,36.4925,36.547501,34.955002,35.32,35.156826,51161600,NVDA
06-06-2019,35.362499,36.192501,35.337502,35.945,35.778946,40814000,NVDA
07-06-2019,36.005001,36.720001,35.8125,36.375,36.206955,34885600,NVDA
10-06-2019,36.939999,37.797501,36.939999,37.107498,36.936073,40278000,NVDA
11-06-2019,37.709999,38.09,37.290001,37.6875,37.513393,38387200,NVDA
12-06-2019,37.25,37.3125,36.397499,36.549999,36.381145,35889200,NVDA
13-06-2019,36.772499,37.25,36.595001,37.064999,36.893772,30808000,NVDA
14-06-2019,36.127499,36.372501,35.709999,36.16,35.992947,39442800,NVDA
17-06-2019,36.142502,36.630001,35.912498,36.2575,36.089996,27604000,NVDA
18-06-2019,36.875,38.7775,36.764999,38.220001,38.04343,58192000,NVDA
19-06-2019,38.575001,38.689999,38.017502,38.279999,38.103157,33164400,NVDA
20-06-2019,39.192501,39.3325,38.380001,38.525002,38.347019,35016800,NVDA
21-06-2019,38.375,38.869999,37.875,37.939999,37.764721,43442800,NVDA
24-06-2019,38.154999,38.462502,37.68,38.165001,37.988689,28294800,NVDA
25-06-2019,38.215,38.970001,37.842499,37.869999,37.695049,31186800,NVDA
26-06-2019,39.1525,40.43,39.022499,39.814999,39.631058,58407200,NVDA
27-06-2019,40.677502,41,40.314999,40.807499,40.618977,44544000,NVDA
28-06-2019,41.25,41.342499,40.587502,41.057499,40.867828,39766800,NVDA
01-07-2019,43.142502,43.487499,41.165001,41.5425,41.350574,70975600,NVDA
02-07-2019,41.375,41.587502,40.424999,40.557499,40.370125,40022800,NVDA
03-07-2019,40.7925,40.849998,40.084999,40.6875,40.499535,24663600,NVDA
05-07-2019,40.099998,40.145,39.419998,40.057499,39.87244,39655200,NVDA
08-07-2019,39.4575,39.647499,39,39.302502,39.120934,32978800,NVDA
09-07-2019,38.877499,39.610001,38.75,39.327499,39.145813,34286000,NVDA
10-07-2019,39.764999,40.592499,39.625,40.014999,39.830139,45207600,NVDA
11-07-2019,40.75,41.98,40.375,41.57,41.377953,68256000,NVDA
12-07-2019,41.849998,42.6175,41.849998,41.9025,41.70892,50639200,NVDA
15-07-2019,42.115002,42.2775,41.532501,41.817501,41.62431,28984000,NVDA
16-07-2019,41.6675,42.0425,41.209999,41.77,41.57703,34144400,NVDA
17-07-2019,41.787498,42.497501,41.4925,42.427502,42.231499,34820400,NVDA
18-07-2019,42.532501,43.177502,41.962502,42.544998,42.34845,44219200,NVDA
19-07-2019,42.93,42.994999,42.049999,42.110001,41.915459,34489600,NVDA
22-07-2019,42.325001,42.959999,42.25,42.830002,42.632133,31594000,NVDA
23-07-2019,43.224998,43.935001,43.067501,43.915001,43.712124,42817600,NVDA
24-07-2019,44.349998,44.7225,43.584999,44.665001,44.45866,36623600,NVDA
25-07-2019,44.247501,44.375,43.110001,43.345001,43.14476,39270000,NVDA
26-07-2019,43.6175,44.237499,43.6175,43.767502,43.565308,27416000,NVDA
29-07-2019,43.695,43.8675,42.817501,43.705002,43.503094,24816000,NVDA
30-07-2019,43.237499,43.985001,43.092499,43.862499,43.659863,19777200,NVDA
31-07-2019,43.544998,43.555,41.755001,42.18,41.985138,35941600,NVDA
01-08-2019,42.285,43.195,40.705002,41.23,41.039524,42121200,NVDA
02-08-2019,40.297501,40.994999,39.82,40.297501,40.11134,42834800,NVDA
05-08-2019,38.450001,38.462502,37.224998,37.697498,37.523346,58915600,NVDA
06-08-2019,38.450001,38.907501,37.607498,38.087502,37.911541,36127200,NVDA
07-08-2019,37.474998,38.592499,37.299999,38.4725,38.294773,37256000,NVDA
08-08-2019,39.052502,39.577499,38.474998,39.564999,39.38221,30930000,NVDA
09-08-2019,39.1525,39.1875,38.037498,38.544998,38.366932,34181600,NVDA
12-08-2019,38.02,38.544998,37.642502,37.862499,37.68758,27920000,NVDA
13-08-2019,37.8475,39.474998,37.455002,39.012501,38.832275,35195600,NVDA
14-08-2019,38.125,38.237499,37.077499,37.517502,37.344181,41988000,NVDA
15-08-2019,37.7075,37.907501,36.8475,37.192501,37.020683,47720000,NVDA
16-08-2019,39.837502,40.384998,39.220001,39.889999,39.705719,100796000,NVDA
19-08-2019,41.029999,42.855,40.8675,42.695,42.497757,81511200,NVDA
20-08-2019,42.639999,42.645,41.755001,41.967499,41.773617,46318800,NVDA
21-08-2019,42.6325,43.362499,42.415001,42.807499,42.609745,42724400,NVDA
22-08-2019,42.904999,43.3325,42.474998,42.869999,42.671947,30348800,NVDA
23-08-2019,42.099998,42.647499,40.41,40.610001,40.422386,56805600,NVDA
26-08-2019,41.4025,41.645,40.977501,41.362499,41.171413,31820800,NVDA
27-08-2019,41.747501,41.775002,40.154999,40.450001,40.263134,29096800,NVDA
28-08-2019,40.145,40.834999,39.75,40.305,40.158516,25561200,NVDA
29-08-2019,41.224998,42.075001,41.189999,41.75,41.598263,35797600,NVDA
30-08-2019,42.215,42.715,41.695,41.877499,41.7253,29061600,NVDA
03-09-2019,41.145,41.477501,40.8125,41.0425,40.893333,29614000,NVDA
04-09-2019,41.6525,42.264999,41.6525,42.189999,42.036663,22772800,NVDA
05-09-2019,43.217499,44.997501,43.200001,44.935001,44.771687,69567600,NVDA
06-09-2019,44.700001,45.272499,44.279999,44.662498,44.500168,37697600,NVDA
09-09-2019,44.974998,45.994999,44.959999,45.125,44.960995,41752400,NVDA
10-09-2019,44.794998,46.0625,44.697498,45.794998,45.628563,35281200,NVDA
11-09-2019,45.942501,46.567501,45.650002,46.0825,45.915009,36151200,NVDA
12-09-2019,46.549999,47.099998,45.987499,46.067501,45.900063,32784000,NVDA
13-09-2019,45.397499,45.77,45.044998,45.485001,45.319695,32459200,NVDA
16-09-2019,44.73,45.400002,44.625,45.052502,44.88876,23183200,NVDA
17-09-2019,45.119999,45.310001,44.6525,45.267502,45.102978,22304800,NVDA
18-09-2019,45.197498,45.355,44.125,44.994999,44.831467,25815200,NVDA
19-09-2019,45.055,45.240002,44.127499,44.235001,44.07423,24547600,NVDA
20-09-2019,44.224998,44.462502,43.07,43.172501,43.015591,35024400,NVDA
23-09-2019,43.174999,44.1675,43.137501,43.709999,43.55114,24971200,NVDA
24-09-2019,44.025002,44.322498,42.775002,43.1325,42.975739,31726800,NVDA
25-09-2019,43.127499,44.755001,42.677502,44.557499,44.395557,30843200,NVDA
26-09-2019,44.459999,44.547501,43.822498,44.334999,44.173862,23456400,NVDA
27-09-2019,43.915001,44.424999,42.330002,42.939999,42.783928,36205600,NVDA
30-09-2019,43.200001,43.619999,42.884998,43.517502,43.359341,18618400,NVDA
01-10-2019,43.75,45.25,43.452499,43.5,43.3419,36600800,NVDA
02-10-2019,43.279999,43.400002,42.532501,43.259998,43.102764,29337200,NVDA
03-10-2019,43.305,45.389999,43,45.327499,45.162754,45058800,NVDA
04-10-2019,45.349998,45.787498,44.695,45.4925,45.327156,26552400,NVDA
07-10-2019,46.145,47.084999,46.057499,46.0825,45.915009,48098400,NVDA
08-10-2019,45.16,45.16,44.125,44.307499,44.146465,44443600,NVDA
09-10-2019,45.080002,45.674999,44.790001,45.177502,45.013302,29241200,NVDA
10-10-2019,45.154999,46.27,45.102501,45.7575,45.59119,30912400,NVDA
11-10-2019,46.602501,47.334999,46.412498,46.497501,46.328506,44640400,NVDA
14-10-2019,46.41,46.842499,46.0975,46.6325,46.463017,20004000,NVDA
15-10-2019,47.540001,49.822498,47.400002,49.092499,48.914074,66412400,NVDA
16-10-2019,48.75,49.805,48.4375,48.552502,48.376038,42894400,NVDA
17-10-2019,49,49.452499,48.025002,48.572498,48.395966,26343600,NVDA
18-10-2019,48.577499,48.904999,46.875,47.622501,47.449421,30744000,NVDA
21-10-2019,48.240002,49.137501,48.049999,49.002499,48.824402,26186800,NVDA
22-10-2019,49.575001,50.6325,48.825001,48.9025,48.724766,32872000,NVDA
23-10-2019,48.077499,48.915001,47.7575,48.772499,48.595234,27991600,NVDA
24-10-2019,49.1875,49.552502,48.845001,49.215,49.036133,23202000,NVDA
25-10-2019,50.025002,51.345001,49.947498,51.134998,50.949154,42309200,NVDA
28-10-2019,51.575001,52.224998,51.279999,51.697498,51.509602,33079200,NVDA
29-10-2019,51.557499,51.622501,50.535,50.73,50.54562,21123600,NVDA
30-10-2019,51,51.057499,50.064999,50.75,50.565552,20596000,NVDA
31-10-2019,50.540001,50.75,49.452499,50.255001,50.07235,20973200,NVDA
01-11-2019,49.900002,50.9725,49.647499,50.647499,50.463421,28364000,NVDA
04-11-2019,51.462502,52.75,51.23,52.625,52.433739,37671600,NVDA
05-11-2019,52.622501,52.884998,51.919998,52.4025,52.21204,30086800,NVDA
06-11-2019,52.16,52.4175,51.0275,51.907501,51.718849,26901200,NVDA
07-11-2019,52.7775,52.924999,51.634998,52.084999,51.895699,28034000,NVDA
08-11-2019,51.915001,52.262501,51.537498,51.945,51.756203,18910000,NVDA
11-11-2019,51.9375,52.2775,51.07,52.044998,51.855839,24343600,NVDA
12-11-2019,52.43,52.965,52.077499,52.4025,52.21204,28350400,NVDA
13-11-2019,52.087502,52.365002,51.474998,52.142502,51.952991,30018800,NVDA
14-11-2019,52.232498,52.470001,51.630001,52.447498,52.256874,51808000,NVDA
15-11-2019,52.424999,52.945,50.16,51.047501,50.861969,105362800,NVDA
18-11-2019,50.9725,53.337502,50.942501,53.07,52.877117,57458800,NVDA
19-11-2019,52.7575,52.994999,51.412498,51.997501,51.808517,41456400,NVDA
20-11-2019,51.767502,53.637501,51.639999,52.794998,52.603115,47258800,NVDA
21-11-2019,52.75,53.310001,52.327499,52.544998,52.354031,28838800,NVDA
22-11-2019,52.772499,53.240002,52.485001,52.7225,52.530884,22410000,NVDA
25-11-2019,54.009998,55.352501,53.880001,55.302502,55.101505,50647600,NVDA
26-11-2019,55.125,55.172501,54.185001,54.25,54.052826,38524400,NVDA
27-11-2019,54.6675,55.012501,54.294998,54.560001,54.401814,21578400,NVDA
29-11-2019,54.25,54.535,53.945,54.185001,54.027901,14155600,NVDA
02-12-2019,54.115002,54.25,52.16,52.3125,52.160828,37203600,NVDA
03-12-2019,50.467499,51.955002,50.092499,51.915001,51.764477,46523200,NVDA
04-12-2019,52.755001,52.98,52.067501,52.355,52.203205,27342400,NVDA
05-12-2019,52.575001,52.732498,51.877499,52.185001,52.033703,18488400,NVDA
06-12-2019,52.880001,53.372501,52.779999,53.0425,52.888718,23223600,NVDA
09-12-2019,52.8125,53.592499,52.724998,53.0425,52.888718,21188000,NVDA
10-12-2019,53.345001,54.014999,52.814999,53.494999,53.339901,25638800,NVDA
11-12-2019,53.599998,54.389999,53.575001,54.334999,54.17746,23379600,NVDA
12-12-2019,54.044998,56.200001,53.955002,56.017502,55.855087,40434800,NVDA
13-12-2019,56.047501,57.244999,55.455002,55.997501,55.835148,45470400,NVDA
16-12-2019,56.474998,57.014999,56.192501,56.287498,56.124302,32097600,NVDA
17-12-2019,56.474998,57.299999,56.380001,57.072498,56.907032,32119600,NVDA
18-12-2019,57.422501,57.985001,57.337502,57.377499,57.211147,34354800,NVDA
19-12-2019,57.724998,59,57.674999,58.865002,58.694332,44536000,NVDA
20-12-2019,59.532501,60.0975,59.34,59.842499,59.668999,60304400,NVDA
23-12-2019,60.130001,60.452499,59.5975,59.705002,59.531895,35506000,NVDA
24-12-2019,59.549999,59.827499,59.205002,59.654999,59.48204,13886400,NVDA
26-12-2019,59.689999,60.080002,59.5,59.797501,59.62413,18285200,NVDA
27-12-2019,59.950001,60.084999,58.952499,59.217499,59.045811,25464400,NVDA
30-12-2019,58.997501,59.049999,57.764999,58.080002,57.91161,25805600,NVDA
31-12-2019,57.724998,58.919998,57.532501,58.825001,58.654453,23100400,NVDA
02-01-2020,59.6875,59.977501,59.18,59.977501,59.803608,23753600,NVDA
03-01-2020,58.775002,59.4575,58.525002,59.017502,58.84639,20538400,NVDA
06-01-2020,58.080002,59.317501,57.817501,59.264999,59.09317,26263600,NVDA
07-01-2020,59.549999,60.442501,59.0975,59.982498,59.808598,31485600,NVDA
08-01-2020,59.939999,60.509998,59.537498,60.095001,59.920773,27710800,NVDA
09-01-2020,60.962502,61.482498,60.215,60.755001,60.578857,25511200,NVDA
10-01-2020,61.8325,62.137501,60.9375,61.080002,60.902916,31629600,NVDA
13-01-2020,61.915001,63.247501,61.6875,62.994999,62.812359,31984000,NVDA
14-01-2020,62.564999,62.82,61.6875,61.82,61.64077,35908800,NVDA
15-01-2020,61.947498,62.172501,61.1325,61.392502,61.214508,26310400,NVDA
16-01-2020,61.93,62.2925,61.695,62.232498,62.052071,28419200,NVDA
17-01-2020,62.424999,62.5,61.842499,62.32,62.139309,25379200,NVDA
21-01-2020,61.952499,62.322498,61.642502,61.985001,61.805283,21791600,NVDA
22-01-2020,62.439999,63.397499,62.25,62.5275,62.346214,23924000,NVDA
23-01-2020,62.93,63.299999,62.037498,63.215,63.031723,24451600,NVDA
24-01-2020,64.375,64.875,62.075001,62.619999,62.438446,37351200,NVDA
27-01-2020,59.560001,60.5625,58.057499,60.049999,59.875889,47053600,NVDA
28-01-2020,60.712502,62.317501,60.177502,61.9925,61.812763,31097600,NVDA
29-01-2020,61.8475,62.209999,60.985001,61.384998,61.207027,25884800,NVDA
30-01-2020,60.4025,61.587502,59.849998,61.452499,61.274323,29050400,NVDA
31-01-2020,60.9925,61.112499,58.6875,59.107498,58.936131,37042000,NVDA
03-02-2020,58.924999,60.2775,58.862499,60.0825,59.908306,25556400,NVDA
04-02-2020,61.5075,61.974998,61.005001,61.782501,61.603378,27154400,NVDA
05-02-2020,62.997501,63.099998,61.852501,62.689999,62.508236,20822000,NVDA
06-02-2020,63.035,63.5625,62.220001,63.5625,63.37822,21828400,NVDA
07-02-2020,63.16,63.3825,62.642502,62.897499,62.715141,18975200,NVDA
10-02-2020,63.125,65.75,63.075001,65.7425,65.551903,52960800,NVDA
11-02-2020,66.830002,68.125,66.207497,66.972504,66.778336,63855600,NVDA
12-02-2020,67.502502,68.199997,67.112503,68.135002,67.937462,37464400,NVDA
13-02-2020,67.552498,68.370003,67.277496,67.695,67.498726,52801600,NVDA
14-02-2020,71.815002,73.7425,71.5,72.447502,72.237457,104192400,NVDA
18-02-2020,71.410004,74.327499,71.214996,74.142502,73.927536,62016400,NVDA
19-02-2020,75.372498,78.852501,75.372498,78.675003,78.446907,69433200,NVDA
20-02-2020,78.192497,79.080002,74.087502,77.175003,76.951248,81005200,NVDA
21-02-2020,76.047501,76.300003,72.665001,73.517502,73.304359,76818000,NVDA
24-02-2020,67.547501,70.467499,67,68.32,68.121925,85691600,NVDA
25-02-2020,69.074997,69.697502,64.489998,65.512497,65.322556,105549600,NVDA
26-02-2020,65.514999,68.862503,65.5,66.912498,66.718506,74773200,NVDA
27-02-2020,63.724998,66.75,62.2225,63.150002,63.00457,90641600,NVDA
28-02-2020,60.615002,68.114998,60.447498,67.517502,67.362015,113325200,NVDA
02-03-2020,69.224998,69.397499,65.25,69.107498,68.948357,89074400,NVDA
03-03-2020,69.667503,70.267502,65.614998,66.472504,66.319427,65279200,NVDA
04-03-2020,67.550003,71.222504,66.800003,71.127502,70.963715,59740800,NVDA
05-03-2020,69.125,70.800003,67.875,68.322502,68.165154,54032800,NVDA
06-03-2020,66.519997,67.097504,64.5,66.510002,66.356834,51541200,NVDA
09-03-2020,59.974998,64.849998,59.544998,61.360001,61.218693,61416000,NVDA
10-03-2020,64.135002,65.269997,61.497501,65.269997,65.119682,58064800,NVDA
11-03-2020,63.865002,64.150002,60.642502,61.6175,61.475597,49996400,NVDA
12-03-2020,56.365002,59.029999,53.950001,54.077499,53.952969,81654000,NVDA
13-03-2020,57.625,60.255001,54.9025,60.209999,60.071342,63483600,NVDA
16-03-2020,53.102501,56.525002,48.5,49.099998,48.986927,72697200,NVDA
17-03-2020,50.227501,55.215,47.75,54.317501,54.192413,83363200,NVDA
18-03-2020,50.025002,52.485001,45.169998,50.705002,50.588234,87426800,NVDA
19-03-2020,50.490002,54.182499,48.3475,53.2425,53.119888,76551200,NVDA
20-03-2020,54.75,57.580002,51.282501,51.4375,51.319038,80463600,NVDA
23-03-2020,51.427502,54.119999,49.630001,53.172501,53.050049,64387600,NVDA
24-03-2020,57.25,63.165001,57.012501,62.294998,62.151539,110164400,NVDA
25-03-2020,63.450001,65.455002,60.915001,61.404999,61.263592,79343200,NVDA
26-03-2020,63.485001,65.555,62.5,64.309998,64.161896,69610800,NVDA
27-03-2020,62.5,65.779999,62.169998,63.182499,63.036999,63882800,NVDA
30-03-2020,63.84,66.489998,63.397499,66.397499,66.244591,60225200,NVDA
31-03-2020,66.800003,68.849998,64.4375,65.900002,65.748238,94996000,NVDA
01-04-2020,63.912498,65.3825,60.32,60.767502,60.627556,65691200,NVDA
02-04-2020,61.060001,64,60.577499,63.8675,63.720417,67576400,NVDA
03-04-2020,63.490002,63.907501,59.5975,60.977501,60.837082,66321200,NVDA
06-04-2020,63.810001,67.470001,63.232498,67.099998,66.945473,72788400,NVDA
07-04-2020,69.324997,69.5625,64.324997,64.7575,64.608376,78452000,NVDA
08-04-2020,65.852501,66.987503,65.150002,66.737503,66.583809,54244400,NVDA
09-04-2020,68,68.230003,65.105003,65.737503,65.586121,52556400,NVDA
13-04-2020,65.137497,67.550003,64.25,67.462502,67.307144,39840800,NVDA
14-04-2020,68.75,71.330002,68.472504,70.987503,70.82402,53094800,NVDA
15-04-2020,69.300003,71.042503,68.845001,70.209999,70.048309,36614800,NVDA
16-04-2020,71.769997,74.75,71.637497,73.675003,73.505333,74562000,NVDA
17-04-2020,74.5,74.714996,71.735001,73.080002,72.911705,53912000,NVDA
20-04-2020,71.809998,73.375,71.317497,71.762497,71.597237,44938800,NVDA
21-04-2020,70.577499,71.192497,66.777496,67.377502,67.222343,73516000,NVDA
22-04-2020,69.307503,71.967499,68.849998,71.537498,71.372749,48335600,NVDA
23-04-2020,71.959999,73.285004,70.75,71.002502,70.838982,42416000,NVDA
24-04-2020,70.900002,72.417503,70.150002,72.397499,72.230782,35232800,NVDA
27-04-2020,73.747498,75.875,73.5,74.269997,74.098953,47938800,NVDA
28-04-2020,75.75,76.050003,72.785004,72.839996,72.672249,44290400,NVDA
29-04-2020,74.192497,75.144997,73.4375,74.614998,74.443161,37916000,NVDA
30-04-2020,74.072502,74.614998,72.93,73.07,72.901718,37591600,NVDA
01-05-2020,71.087502,72.224998,70.209999,70.695,70.532204,34209600,NVDA
04-05-2020,70.220001,72.959999,70.220001,72.822502,72.6548,31755600,NVDA
05-05-2020,73.8675,75.067497,72.822502,73.434998,73.265884,36889600,NVDA
06-05-2020,74.232498,75.5,73.852501,74.447502,74.276054,32346400,NVDA
07-05-2020,75.845001,76.852501,75.330002,76.217499,76.041985,37373200,NVDA
08-05-2020,76.9375,78.1875,76.597504,78.125,77.945084,33921600,NVDA
11-05-2020,78.074997,81.125,77.787498,80.654999,80.469254,46906000,NVDA
12-05-2020,81.235001,81.724998,77.927498,78.025002,77.845322,49306000,NVDA
13-05-2020,79.175003,80.785004,75.947502,77.800003,77.620834,62585200,NVDA
14-05-2020,78.417503,80.360001,76.875,80.305,80.120071,60231200,NVDA
15-05-2020,78.897499,85.004997,78.739998,84.907501,84.711975,98766000,NVDA
18-05-2020,87.605003,89.165001,86.805,87.502502,87.301003,77446000,NVDA
19-05-2020,87.902496,90.875,87.627502,88.055,87.852219,71732000,NVDA
20-05-2020,89.910004,90.43,88.887497,89.699997,89.493431,58753600,NVDA
21-05-2020,90.514999,90.525002,87.375,87.752502,87.550415,76106800,NVDA
22-05-2020,88.252502,90.93,87.1325,90.262497,90.054642,103876400,NVDA
26-05-2020,91.567497,91.817497,86.720001,87.177498,86.97673,77078000,NVDA
27-05-2020,86.25,86.327499,79.967499,85.252502,85.056175,117589200,NVDA
28-05-2020,84.122498,87.605003,83.792503,84.870003,84.674561,73489600,NVDA
29-05-2020,85.544998,88.754997,84.849998,88.754997,88.550606,74525600,NVDA
01-06-2020,88.332497,88.407501,86.894997,88.0625,87.859703,38987600,NVDA
02-06-2020,87.962502,88.372498,86.580002,88.252502,88.049271,39132000,NVDA
03-06-2020,88.222504,88.662498,87,87.695,87.49305,36544000,NVDA
04-06-2020,87.279999,89.432503,86.775002,87.665001,87.503036,42428000,NVDA
05-06-2020,87.945,89.970001,87.080002,89.199997,89.035187,48174800,NVDA
08-06-2020,88.772499,88.897499,86.857498,88.050003,87.887321,38773600,NVDA
09-06-2020,88,91.097504,87.512497,90.459999,90.292877,46848800,NVDA
10-06-2020,91.677498,95,91.535004,93.667503,93.494453,63218000,NVDA
11-06-2020,91.5,92.612503,87.860001,87.962502,87.799995,58365200,NVDA
12-06-2020,91.625,91.872498,87.032501,89.324997,89.159966,57090800,NVDA
15-06-2020,88.152496,91.822502,87.4375,91.737503,91.568016,40000400,NVDA
16-06-2020,92.25,92.667503,88.387497,90.684998,90.517448,53571600,NVDA
17-06-2020,91.137497,92.989998,90.702499,92.360001,92.189354,40830400,NVDA
18-06-2020,92.269997,92.824997,91.144997,92.18,92.009689,25440800,NVDA
19-06-2020,92.425003,94.449997,92.272499,92.612503,92.441383,52416000,NVDA
22-06-2020,93,95.3125,92.732498,95.267502,95.091492,39846800,NVDA
23-06-2020,95.510002,96.425003,94.074997,94.5,94.325409,37510800,NVDA
24-06-2020,94.762497,95.565002,91.445,92.355003,92.184364,44937200,NVDA
25-06-2020,93.557503,95.050003,91.822502,94.900002,94.72467,37607200,NVDA
26-06-2020,95,95,91.25,91.550003,91.380852,59208400,NVDA
29-06-2020,91.697502,92.044998,89,92,91.830025,34224800,NVDA
30-06-2020,93.139999,95.262497,92.665001,94.977501,94.802025,36789200,NVDA
01-07-2020,95.207497,95.7575,94.129997,95.300003,95.123924,32664800,NVDA
02-07-2020,96.389999,97.375,95.782501,96.122498,95.944908,36405600,NVDA
06-07-2020,97.417503,99.087502,97.125,98.392502,98.210709,31589200,NVDA
07-07-2020,99.462502,100.699997,98.5075,98.717499,98.535103,35780000,NVDA
08-07-2020,99.9375,102.25,99.654999,102.160004,101.971252,36548000,NVDA
09-07-2020,103.802498,105.699997,102.334999,105.089996,104.895836,49454800,NVDA
10-07-2020,105.887497,106.552498,103.787498,104.792503,104.598892,49767600,NVDA
13-07-2020,105.949997,107.922501,100.25,100.522499,100.336777,45707600,NVDA
14-07-2020,100.75,104.027496,97.855003,103.769997,103.57827,54267600,NVDA
15-07-2020,104.142502,104.330002,100.557503,102.272499,102.083549,40398400,NVDA
16-07-2020,100.150002,102.067497,98.955002,101.347504,101.160248,34496400,NVDA
17-07-2020,102.254997,102.485001,100.877502,102.014999,101.826515,26628400,NVDA
20-07-2020,102.7425,105.3125,101.567497,105.107498,104.913307,28485200,NVDA
21-07-2020,105.129997,105.599998,102.8675,103.285004,103.094177,27703600,NVDA
22-07-2020,103.675003,106.025002,102.915001,104.387497,104.194633,36729200,NVDA
23-07-2020,104.5,105.470001,100.3125,101.297501,101.110359,41166000,NVDA
24-07-2020,98.75,103.647499,97.769997,101.945,101.756645,47329200,NVDA
27-07-2020,102.322502,104.417503,102.177498,104.214996,104.022461,29213200,NVDA
28-07-2020,103.7425,103.82,102.092499,102.154999,101.966255,27163600,NVDA
29-07-2020,103.907501,105.162498,103.470001,104.654999,104.461655,28450800,NVDA
30-07-2020,103.75,106.230003,102.952499,106.139999,105.943893,30888000,NVDA
31-07-2020,105.6325,107.665001,104.330002,106.147499,105.95137,38608000,NVDA
03-08-2020,107.324997,110.987503,107.152496,110.102501,109.899078,41272000,NVDA
04-08-2020,110.5,112.277496,109.059998,112.277496,112.070061,31033600,NVDA
05-08-2020,112.440002,113.717499,111.662498,112.8675,112.658966,24992400,NVDA
06-08-2020,113.497498,113.580002,111.787498,113.355003,113.145576,24431600,NVDA
07-08-2020,113.125,115.047501,110.375,111.995003,111.788078,34251600,NVDA
10-08-2020,113.342499,114.082497,108.565002,111.650002,111.44371,42779600,NVDA
11-08-2020,110.737503,111.3675,107.957497,108.5,108.299538,35451200,NVDA
12-08-2020,109.907501,114.669998,109.582497,114.402496,114.191139,46441200,NVDA
13-08-2020,115.459999,117.217499,113.557503,114.43,114.21859,37446000,NVDA
14-08-2020,115.300003,117.047501,114.404999,115.639999,115.426346,36643600,NVDA
17-08-2020,118.512497,124.097504,118.172501,123.370003,123.142067,62130000,NVDA
18-08-2020,124.5,124.959999,120.862503,122.607498,122.380974,50344800,NVDA
19-08-2020,122.964996,123.150002,120.980003,121.385002,121.160736,62262400,NVDA
20-08-2020,119.75,123.75,118.787498,121.410004,121.185692,92138800,NVDA
21-08-2020,122.017502,128.087494,121.952499,126.834999,126.600662,99986800,NVDA
24-08-2020,128.837494,129.125,125.074997,127.202499,126.967484,49056400,NVDA
25-08-2020,126.307503,127.612503,125.737503,127.5,127.264427,28907600,NVDA
26-08-2020,127.9925,128.684998,126.777496,127.730003,127.494003,32124400,NVDA
27-08-2020,127.815002,128.5,125.665001,126.282501,126.049187,31760400,NVDA
28-08-2020,126.75,131.479996,126.425003,131.477493,131.234573,53716000,NVDA
31-08-2020,131.827499,135.75,130.377502,133.744995,133.497894,50084000,NVDA
01-09-2020,134.800003,139.9375,134.365005,138.210007,137.995941,51131600,NVDA
02-09-2020,147.037506,147.267502,139,143.464996,143.242783,87401200,NVDA
03-09-2020,138.287506,138.845001,128.787506,130.154999,129.9534,94512800,NVDA
04-09-2020,127.837502,131.75,117.047501,126.224998,126.02948,146368400,NVDA
08-09-2020,117.345001,125.5,117.042503,119.129997,118.945465,79572800,NVDA
09-09-2020,124,128.092499,122.317497,127.150002,126.953049,73620000,NVDA
10-09-2020,129.892502,130.652496,121.669998,123.1175,122.926788,69868400,NVDA
11-09-2020,124.855003,126.525002,118.957497,121.644997,121.456566,63692800,NVDA
14-09-2020,130.809998,133.149994,126.3125,128.722504,128.523132,120174400,NVDA
15-09-2020,132.800003,132.987503,128.277496,129.910004,129.708755,72755600,NVDA
16-09-2020,129.572495,130.927505,125.137497,125.144997,124.951149,55638400,NVDA
17-09-2020,121.322502,125.897499,120.347504,124.635002,124.441948,79251200,NVDA
18-09-2020,125.9375,126.324997,119.887497,121.892502,121.703697,69846000,NVDA
21-09-2020,119.25,125.224998,119.044998,125.172501,124.978615,72104400,NVDA
22-09-2020,125.75,126.480003,121.555,126.377502,126.181747,64645200,NVDA
23-09-2020,125.754997,127.269997,120.792503,121.237503,121.049721,64701200,NVDA
24-09-2020,120.722504,125.695,120.139999,123.480003,123.288727,73124000,NVDA
25-09-2020,124.474998,128.835007,122.457497,128.737503,128.538101,58801600,NVDA
28-09-2020,130.402496,130.517502,127.5,130.350006,130.148117,57380800,NVDA
29-09-2020,129.375,134.427505,129.332504,132.257507,132.052643,62146000,NVDA
30-09-2020,131.574997,136.225006,131.502502,135.304993,135.095398,68918400,NVDA
01-10-2020,137.580002,137.627502,134.607498,136.145004,135.934128,52500400,NVDA
02-10-2020,132.25,135.195007,130.509995,130.622498,130.420166,55249600,NVDA
05-10-2020,132.360001,136.442505,132.227493,136.425003,136.213684,47982000,NVDA
06-10-2020,138.300003,141.419998,136.649994,137.365005,137.152222,78442000,NVDA
07-10-2020,139.997498,141.192505,138.634995,139.639999,139.423691,41808400,NVDA
08-10-2020,140.75,140.845001,137.580002,138.387497,138.173141,37890000,NVDA
09-10-2020,137.669998,138.242493,136.607498,137.627502,137.414307,34689200,NVDA
12-10-2020,139.895004,143.470001,139.125,142.259995,142.039627,43474400,NVDA
13-10-2020,142.964996,143.485001,140.1875,142.482498,142.261795,34460400,NVDA
14-10-2020,142.904999,143.427505,139.600006,140.952499,140.734192,27610000,NVDA
15-10-2020,138.107498,140.057495,137.677505,139.699997,139.483612,26722400,NVDA
16-10-2020,140.367493,141.214996,137.925003,138.115005,137.901077,24239200,NVDA
19-10-2020,139.029999,139.835007,134.067505,134.977493,134.768433,29806800,NVDA
20-10-2020,135.835007,137.997498,135.070007,136.455002,136.243637,22921200,NVDA
21-10-2020,136.25,137.914993,134.774994,135.247498,135.037994,21959600,NVDA
22-10-2020,135.225006,136.117493,132.317505,133.610001,133.403061,29048000,NVDA
23-10-2020,134.5,135.932495,132.912506,135.902496,135.691986,23348400,NVDA
26-10-2020,134.270004,136.927505,130.384995,131.412506,131.208954,33689600,NVDA
27-10-2020,133.059998,134.419998,131.914993,133.967499,133.759995,25052000,NVDA
28-10-2020,131.979996,132.600006,126.089996,126.269997,126.074409,37652000,NVDA
29-10-2020,128.384995,131.927505,127.5,130.240005,130.038284,32008000,NVDA
30-10-2020,128.5,129.365005,123,125.339996,125.145851,41682000,NVDA
02-11-2020,126.577499,128.367493,123.949997,125.807503,125.612633,29965200,NVDA
03-11-2020,127.084999,131.050003,126.027496,130.195007,129.993347,27290000,NVDA
04-11-2020,133.892502,138.274994,133.369995,137.942505,137.728851,41022800,NVDA
05-11-2020,141.625,143.389999,139.910004,141.600006,141.380676,31902800,NVDA
06-11-2020,141.097504,145.887497,138.949997,145.619995,145.39444,38334800,NVDA
09-11-2020,145.524994,146.914993,136.107498,136.307495,136.096359,58297600,NVDA
10-11-2020,136.065002,136.065002,126.282501,127.699997,127.502205,64406800,NVDA
11-11-2020,130.537506,134.350006,129.482498,134.179993,133.972168,40474400,NVDA
12-11-2020,134.789993,137.660004,133.160004,134.567505,134.359055,36581200,NVDA
13-11-2020,136.272507,136.6875,130.592499,132.970001,132.764038,34631200,NVDA
16-11-2020,131.725006,136.494995,131.559998,135.152496,134.943161,41377600,NVDA
17-11-2020,135.524994,135.962494,133.037506,134.222504,134.014603,31202800,NVDA
18-11-2020,134.652496,136.057495,131.850006,134.287506,134.079514,51092400,NVDA
19-11-2020,132.127502,134.875,131,134.402496,134.194305,56593600,NVDA
20-11-2020,134.539993,134.945007,130.649994,130.877502,130.674789,34108800,NVDA
23-11-2020,131.712494,133.824997,130.154999,131.399994,131.196472,36135600,NVDA
24-11-2020,131.425003,131.619995,128.850006,129.577499,129.376801,34650000,NVDA
25-11-2020,130.324997,132.695007,130.199997,132.347504,132.142502,25991600,NVDA
27-11-2020,133.75,134.074997,131.705002,132.612503,132.407104,16727600,NVDA
30-11-2020,132.649994,134.125,129.722504,134.014999,133.807419,28695200,NVDA
01-12-2020,134.922501,135.287506,132.282501,133.899994,133.692581,29694800,NVDA
02-12-2020,133.505005,136.735001,132.342499,135.445007,135.235214,28336000,NVDA
03-12-2020,135.875,136.600006,133.289993,133.960007,133.792038,19952000,NVDA
04-12-2020,134.485001,135.600006,133.887497,135.582504,135.412506,20224400,NVDA
07-12-2020,136.012497,137.3125,135,136.067505,135.896866,22324400,NVDA
08-12-2020,135.850006,135.987503,132.815002,133.5,133.332581,27192000,NVDA
09-12-2020,133.005005,134.139999,128.682495,129.307495,129.14537,40130000,NVDA
10-12-2020,128.690002,130.6875,128.494995,129.722504,129.559845,20776400,NVDA
11-12-2020,129.672501,130.199997,128.229996,130.132507,129.969315,20926400,NVDA
14-12-2020,130.880005,133.887497,130.774994,133.087494,132.920609,27015600,NVDA
15-12-2020,134.397507,134.639999,131.867493,133.604996,133.437469,19301600,NVDA
16-12-2020,134.225006,134.372498,132.125,132.425003,132.258942,22311600,NVDA
17-12-2020,133.667496,133.794998,131.785004,133.412506,133.245209,23138400,NVDA
18-12-2020,133.789993,134.050003,130.705002,132.720001,132.553574,34206400,NVDA
21-12-2020,130.747498,133.699997,129.675003,133.322495,133.155304,30233200,NVDA
22-12-2020,133.192505,133.372498,130.539993,132.782501,132.615982,18558000,NVDA
23-12-2020,132.559998,132.75,130.050003,130.092499,129.929367,17914400,NVDA
24-12-2020,130.372498,131.324997,129.387497,129.9375,129.774567,9788400,NVDA
28-12-2020,130.625,130.625,127.6325,129,128.838242,21256400,NVDA
29-12-2020,129.25,130.725006,128.422501,129.432495,129.270187,17037200,NVDA
30-12-2020,129.902496,132.137497,128.967499,131.457504,131.292664,22539600,NVDA
31-12-2020,131.365005,131.509995,129.149994,130.550003,130.386292,19242400,NVDA
04-01-2021,131.042496,136.524994,129.625,131.134995,130.970535,56064000,NVDA
05-01-2021,130.997498,134.434998,130.869995,134.047501,133.879425,32276000,NVDA
06-01-2021,132.225006,132.449997,125.860001,126.144997,125.986816,58042400,NVDA
07-01-2021,129.675003,133.777496,128.865005,133.440002,133.272675,46148000,NVDA
08-01-2021,133.625,134.210007,130.419998,132.767502,132.601028,29252800,NVDA
11-01-2021,134.1875,139.610001,133.625,136.214996,136.044205,51834400,NVDA
12-01-2021,137.524994,137.544998,133.449997,134.847504,134.678436,29147600,NVDA
13-01-2021,134.899994,136.25,133.850006,135.317505,135.147827,21002800,NVDA
14-01-2021,135.75,135.997498,131.804993,132.002502,131.83696,28312000,NVDA
15-01-2021,132.279999,133.252502,128.485001,128.595001,128.433746,27778000,NVDA
19-01-2021,130.162506,130.940002,128.440002,130.252502,130.089188,22618800,NVDA
20-01-2021,131.117493,134.304993,130.567505,133.657501,133.489883,25857200,NVDA
21-01-2021,134.184998,139.992493,132.529999,138.675003,138.501099,33778000,NVDA
22-01-2021,137.399994,138.417496,136.272507,137.125,136.953033,24682000,NVDA
25-01-2021,137.817505,138.285004,132.365005,136.532501,136.361282,25111200,NVDA
26-01-2021,135.804993,136.447495,133.875,134.352493,134.184021,16398000,NVDA
27-01-2021,132.300003,132.327499,127.9375,129.177505,129.015518,37127200,NVDA
28-01-2021,129.962494,133.397507,129.604996,130.509995,130.346344,22831600,NVDA
29-01-2021,130.75,133.347504,129.115005,129.897507,129.734619,27155200,NVDA
01-02-2021,130.532501,132.707504,129.027496,132.369995,132.204025,21720400,NVDA
02-02-2021,133.987503,135.720001,132.854996,135.567505,135.397507,22044000,NVDA
03-02-2021,136.360001,139.317505,135.164993,135.304993,135.135315,24540800,NVDA
04-02-2021,135.309998,136.735001,133.377502,136.642502,136.471161,20134000,NVDA
05-02-2021,137.25,137.372498,135.457504,135.910004,135.739578,16915200,NVDA
08-02-2021,137.272507,144.737503,137.272507,144.387497,144.206436,43462400,NVDA
09-02-2021,143.407501,145.832504,142.225006,142.632507,142.453659,28756000,NVDA
10-02-2021,144.632507,149.050003,143.414993,147.642502,147.457367,48535200,NVDA
11-02-2021,149.802505,152.722504,149.25,152.507507,152.316269,45082800,NVDA
12-02-2021,150.5,152.912506,147.75,149.612503,149.424881,37475600,NVDA
16-02-2021,150.642502,153.725006,149.5,153.302505,153.110275,32196000,NVDA
17-02-2021,151.710007,152.235001,147.800003,149.059998,148.873077,27475600,NVDA
18-02-2021,147.289993,148.732498,145.75,148.289993,148.10405,23386800,NVDA
19-02-2021,150.244995,151.770004,148.467499,149.264999,149.07782,27172400,NVDA
22-02-2021,147.747498,151.332504,143.25,143.557495,143.377487,32588400,NVDA
23-02-2021,140.752502,142.387497,133.895004,141.419998,141.242676,39178000,NVDA
24-02-2021,141.227493,145.067505,137.559998,144.990005,144.808167,44832000,NVDA
25-02-2021,140.455002,143.747498,132.162506,133.074997,132.908127,82443600,NVDA
26-02-2021,137.524994,138.544998,133.610001,137.145004,136.973022,50093200,NVDA
01-03-2021,138.75,139.25,135.532501,138.417496,138.243912,35318400,NVDA
02-03-2021,139,139.205002,133.960007,134.0625,133.894394,26411600,NVDA
03-03-2021,134.262497,134.514999,127.987503,128.047501,127.886925,37759200,NVDA
04-03-2021,128.007507,129.75,120.837502,123.702499,123.547371,57334400,NVDA
05-03-2021,125.5,125.5,116.792503,124.614998,124.458725,54284000,NVDA
08-03-2021,124.5,124.712502,115.665001,115.932503,115.787132,54311200,NVDA
09-03-2021,121.302498,126.167503,120.592499,125.202499,125.088654,52182400,NVDA
10-03-2021,128.404999,129.800003,124.574997,124.682503,124.569145,38437600,NVDA
11-03-2021,129.5,130.462494,127.345001,129.934998,129.816864,29991600,NVDA
12-03-2021,126.482498,128.887497,125.900002,128.559998,128.443115,24396400,NVDA
15-03-2021,128.647507,132.067505,127.672501,131.912506,131.792572,22198800,NVDA
16-03-2021,133.565002,135.125,131.167496,132.912506,132.791656,27212800,NVDA
17-03-2021,130.397507,134.532501,129.895004,133.412506,133.291199,24386400,NVDA
18-03-2021,131.365005,131.839996,127.169998,127.224998,127.109322,29389600,NVDA
19-03-2021,127.5,129.214996,126.125,128.457504,128.340729,29920800,NVDA
22-03-2021,129.127502,133.945007,129.067505,131.862503,131.742599,29780400,NVDA
23-03-2021,132.542496,133.445007,130.212494,130.707504,130.588654,22204800,NVDA
24-03-2021,131.512497,131.592499,126.3675,126.43,126.315041,24584000,NVDA
25-03-2021,124.995003,127.147499,122.720001,125.352501,125.238525,29514400,NVDA
26-03-2021,125.544998,128.5625,123.735001,128.392502,128.275772,36396800,NVDA
29-03-2021,128.202499,130.625,127,129.482498,129.364746,27352000,NVDA
30-03-2021,128.419998,129.752502,127.050003,128.717499,128.600464,20020400,NVDA
31-03-2021,130.154999,134.705002,129.824997,133.482498,133.36113,31477600,NVDA
01-04-2021,135.722504,138.699997,135.112503,138.117493,137.991913,30827600,NVDA
05-04-2021,138.675003,140.139999,137.330002,139.875,139.747818,25567200,NVDA
06-04-2021,139.997498,140.542496,137.735001,138.615005,138.488968,19174400,NVDA
07-04-2021,138.807495,142.434998,137.115005,141.434998,141.306396,25128400,NVDA
08-04-2021,142.527496,144.714996,142.490005,143.169998,143.039841,24441600,NVDA
09-04-2021,142.139999,144.080002,141.75,144,143.869049,19517200,NVDA
12-04-2021,142.897507,153.524994,141.392502,152.089996,151.951706,86932400,NVDA
13-04-2021,152.315002,157,151.257507,156.794998,156.652435,67621200,NVDA
14-04-2021,156.25,157.205002,152.274994,152.770004,152.631104,38550000,NVDA
15-04-2021,156.625,162.142502,156.315002,161.372498,161.225784,59848000,NVDA
16-04-2021,160.529999,161.657501,158.652496,159.125,158.980331,33520800,NVDA
19-04-2021,155.365005,158.074997,152.330002,153.617493,153.477814,40442000,NVDA
20-04-2021,153.232498,154.970001,149.630005,151.712494,151.574554,33413200,NVDA
21-04-2021,151.1875,153.625,151.022507,153.604996,153.465317,21677600,NVDA
22-04-2021,153.75,154.384995,147.835007,148.502502,148.367477,27778800,NVDA
23-04-2021,149.342499,153.350006,149.002502,152.652496,152.513702,22750000,NVDA
26-04-2021,151.850006,154.789993,151.25,154.779999,154.639267,19779600,NVDA
27-04-2021,155.785004,156.705002,153.544998,153.817505,153.677643,16457200,NVDA
28-04-2021,153.645004,155.322495,152.154999,152.767502,152.628601,20941600,NVDA
29-04-2021,154,154.365005,150.714996,153.247498,153.10817,17319600,NVDA
30-04-2021,151.744995,153.649994,149.970001,150.095001,149.958527,20191200,NVDA
03-05-2021,151.25,152.467499,147.875,148.367493,148.232605,20391200,NVDA
04-05-2021,146.372498,146.375,140.102493,143.512497,143.382019,40532400,NVDA
05-05-2021,147.089996,148.134995,143.875,144.585007,144.453552,29202400,NVDA
06-05-2021,144.952499,145.712494,142.179993,145.229996,145.097946,19338000,NVDA
07-05-2021,148.082504,149.707504,146.717499,148.122498,147.987823,22932800,NVDA
10-05-2021,147.872498,148.059998,142.5,142.657501,142.527802,26890400,NVDA
11-05-2021,138.25,143.547501,137.5,143.0625,142.932419,28558400,NVDA
12-05-2021,140.095001,142.602493,137.092499,137.585007,137.4599,30340800,NVDA
13-05-2021,140.337494,140.807495,134.589996,136.652496,136.528244,28540400,NVDA
14-05-2021,138.899994,143.279999,137.485001,142.429993,142.300476,25861600,NVDA
17-05-2021,141.570007,141.692505,138.535004,141.654999,141.526199,21698000,NVDA
18-05-2021,142.669998,144.042496,140.039993,140.157501,140.030075,18625600,NVDA
19-05-2021,135.664993,140.794998,135.432495,140.657501,140.529633,34400000,NVDA
20-05-2021,143.024994,146.837494,142.705002,146.125,145.992157,32159200,NVDA
21-05-2021,151.637497,152.220001,148.695007,149.917496,149.781174,67299200,NVDA
24-05-2021,152.125,157.449997,151.759995,156.119995,155.978043,55481600,NVDA
25-05-2021,157.660004,158.184998,154.824997,156.477493,156.33522,43540800,NVDA
26-05-2021,157.342499,157.9375,155.862503,157,156.857239,37044000,NVDA
27-05-2021,156.997498,157.5,154.600006,154.880005,154.739197,58147600,NVDA
28-05-2021,155.009995,162.774994,155.009995,162.445007,162.297302,64453600,NVDA
01-06-2021,162.699997,163.882507,159.032501,162.645004,162.497116,47280400,NVDA
02-06-2021,162.522507,169.1875,162.354996,167.782501,167.629944,59416800,NVDA
03-06-2021,167.007507,172.589996,165.830002,169.697495,169.543213,58000800,NVDA
04-06-2021,171.125,176.610001,170.955002,175.782501,175.622665,61712000,NVDA
07-06-2021,175.712494,178.125,171.927505,176.190002,176.0298,57575600,NVDA
08-06-2021,175.272507,176.214996,172.509995,174.570007,174.411285,32384800,NVDA
09-06-2021,175.157501,175.75,172.557495,173.582504,173.464432,38165600,NVDA
10-06-2021,173.5,174.919998,171.759995,174.25,174.131454,28777200,NVDA
11-06-2021,174.794998,179.392502,174.4375,178.252502,178.131241,41630800,NVDA
14-06-2021,179.059998,180.395004,176.627502,180.1875,180.064926,32137600,NVDA
15-06-2021,179.149994,180.162506,177.279999,177.884995,177.763992,24303200,NVDA
16-06-2021,177.907501,179.547501,175.845001,178.102493,177.981323,30712400,NVDA
17-06-2021,177.744995,188.350006,177.5625,186.572495,186.445572,80965600,NVDA
18-06-2021,187.839996,193.75,185.839996,186.387497,186.260696,96885600,NVDA
21-06-2021,184.352493,185.365005,178.227493,184.272507,184.147156,67238400,NVDA
22-06-2021,184.714996,189.637497,183.860001,188.867493,188.739014,58014400,NVDA
23-06-2021,190.077499,191.527496,189.077499,190.572495,190.442841,33235600,NVDA
24-06-2021,192.277496,194.199997,190.882507,192.054993,191.924347,32092400,NVDA
25-06-2021,192.804993,193.455002,188.945007,190.309998,190.180527,27836400,NVDA
28-06-2021,193.612503,200.787506,193.190002,199.850006,199.714066,49543600,NVDA
29-06-2021,198.824997,200.987503,196.570007,200.267502,200.131271,36763200,NVDA
30-06-2021,199.992493,201.625,198.637497,200.024994,199.888916,32656800,NVDA
01-07-2021,201.25,204.559998,200.190002,202.119995,201.982498,48013600,NVDA
02-07-2021,204.402496,205.052505,202.877502,204.869995,204.730637,34276400,NVDA
06-07-2021,207.375,208.419998,203.502502,206.985001,206.844208,44670800,NVDA
07-07-2021,208.535004,208.75,203.320007,203.717499,203.578903,41842800,NVDA
08-07-2021,198.565002,201.330002,197.007507,199.027496,198.89209,50330000,NVDA
09-07-2021,199.625,200.802505,197.542496,200.502502,200.366104,29662400,NVDA
12-07-2021,202.399994,205.327499,201.877502,205.125,204.985474,32198400,NVDA
13-07-2021,204.005005,204.612503,201.139999,202.5,202.362244,29070800,NVDA
14-07-2021,203.577499,204.177505,197.527496,198.414993,198.280029,38010000,NVDA
15-07-2021,198.117493,198.470001,188.585007,189.662506,189.533493,55056400,NVDA
16-07-2021,190.304993,191.570007,180.729996,181.610001,181.48645,68822400,NVDA
19-07-2021,179.152496,190.419998,178.654999,187.797501,187.669754,74906000,NVDA
20-07-2021,187.300003,188.380005,181.639999,186.119995,185.993393,43468700,NVDA
21-07-2021,188.820007,195.270004,187.419998,194.100006,193.967957,37101700,NVDA
22-07-2021,196.419998,198.869995,192.759995,195.940002,195.806702,32382600,NVDA
23-07-2021,196.559998,197,192.5,195.580002,195.446945,19567200,NVDA
26-07-2021,193.110001,194.419998,189.139999,192.940002,192.808746,20394300,NVDA
27-07-2021,192.649994,196.220001,187.410004,192.080002,191.949326,24886300,NVDA
28-07-2021,193.190002,196.460007,189.949997,195.029999,194.897339,20219100,NVDA
29-07-2021,195.190002,198.529999,193.279999,196.619995,196.486252,19078100,NVDA
30-07-2021,194.179993,196.300003,192.630005,194.990005,194.857361,18349700,NVDA
02-08-2021,197,199.610001,193.610001,197.5,197.365646,21744400,NVDA
03-08-2021,197.399994,202.220001,192.199997,198.149994,198.015198,30181100,NVDA
04-08-2021,199.899994,203.179993,198.279999,202.740005,202.602097,23130900,NVDA
05-08-2021,205,207.330002,203.419998,206.369995,206.229614,21143500,NVDA
06-08-2021,205.240005,205.699997,202.100006,203.660004,203.521454,17849700,NVDA
09-08-2021,204.460007,205.080002,201.429993,202.949997,202.811935,14644300,NVDA
10-08-2021,203.220001,204.300003,198.350006,199.360001,199.224396,17923800,NVDA
11-08-2021,200.429993,200.490005,194.300003,196.990005,196.856003,18592500,NVDA
12-08-2021,198.699997,200.289993,196.199997,199.050003,198.914597,15165200,NVDA
13-08-2021,199.050003,202.139999,198.509995,201.880005,201.742691,18306300,NVDA
16-08-2021,201.350006,202.869995,194.529999,199.5,199.364304,21087600,NVDA
17-08-2021,196.850006,197.699997,192.669998,194.580002,194.447632,20458500,NVDA
18-08-2021,195,196.339996,190,190.399994,190.270477,28591300,NVDA
19-08-2021,194.940002,204.949997,187.619995,197.979996,197.845322,76655500,NVDA
20-08-2021,199.910004,208.649994,199.330002,208.160004,208.018402,67574100,NVDA
23-08-2021,209.710007,219.970001,209.5,219.580002,219.430618,57580700,NVDA
24-08-2021,217.529999,219.589996,215.350006,217.929993,217.781738,29729900,NVDA
25-08-2021,217.369995,224.699997,217.220001,222.130005,221.978897,34770100,NVDA
26-08-2021,222,223.399994,217.899994,220.679993,220.529861,23794000,NVDA
27-08-2021,221.839996,227.220001,221.669998,226.360001,226.206024,30472200,NVDA
30-08-2021,228.300003,230.429993,225.509995,226.880005,226.725662,26258000,NVDA
31-08-2021,226.949997,226.949997,221.199997,223.850006,223.737167,25985000,NVDA
01-09-2021,224.850006,226.970001,223.570007,224.410004,224.296906,20176700,NVDA
02-09-2021,225.179993,225.929993,222.949997,223.960007,223.847122,18783400,NVDA
03-09-2021,223.25,229.860001,222,228.429993,228.314865,28053200,NVDA
07-09-2021,228.330002,228.990005,225.220001,226.619995,226.505768,19810700,NVDA
08-09-2021,225.130005,226.100006,219.770004,223.389999,223.277405,25443400,NVDA
09-09-2021,223.119995,225.380005,221.309998,221.770004,221.658218,19685600,NVDA
10-09-2021,223.479996,226.259995,222.699997,224.779999,224.666687,24837600,NVDA
13-09-2021,226.839996,229.639999,218.580002,221.520004,221.408356,29750000,NVDA
14-09-2021,222.75,224.100006,220.860001,222.419998,222.307892,19975500,NVDA
15-09-2021,223.089996,223.669998,219.660004,223.410004,223.297394,16653800,NVDA
16-09-2021,221.830002,222.770004,219.270004,222.419998,222.307892,15603300,NVDA
17-09-2021,223,223.210007,218.300003,219,218.889618,29450300,NVDA
20-09-2021,211.460007,214.330002,206.619995,211.130005,211.02359,34944000,NVDA
21-09-2021,214.169998,214.25,209.5,212.460007,212.352921,20468800,NVDA
22-09-2021,213.660004,219.600006,211.960007,219.410004,219.299408,26872600,NVDA
23-09-2021,221.399994,225.350006,218.899994,224.820007,224.706696,24855500,NVDA
24-09-2021,220.699997,221.490005,218.610001,220.809998,220.6987,21765500,NVDA
27-09-2021,217.100006,217.990005,213.25,216.600006,216.490829,24521500,NVDA
28-09-2021,212.139999,214.190002,206.509995,206.990005,206.885681,34306900,NVDA
29-09-2021,209.399994,210.169998,204.669998,205.169998,205.066574,21839400,NVDA
30-09-2021,207.679993,210.660004,206.880005,207.160004,207.055588,22100900,NVDA
01-10-2021,207.5,208.589996,202.029999,207.419998,207.315445,24097800,NVDA
04-10-2021,205.039993,205.419998,195.550003,197.320007,197.220551,34563500,NVDA
05-10-2021,199.5,206.479996,198.539993,204.509995,204.406906,27928200,NVDA
06-10-2021,201.199997,207.199997,200.800003,207,206.89566,29720200,NVDA
07-10-2021,210.919998,213.220001,209.720001,210.75,210.643768,25691900,NVDA
08-10-2021,211.009995,212.059998,207.75,208.309998,208.205002,15125800,NVDA
11-10-2021,205.75,210.630005,205.110001,206.949997,206.845673,16338800,NVDA
12-10-2021,208.279999,210.570007,205.279999,206.710007,206.60582,16213400,NVDA
13-10-2021,209.179993,209.899994,207.130005,209.389999,209.284454,18065200,NVDA
14-10-2021,212.880005,217.550003,211.220001,217.460007,217.350403,24358900,NVDA
15-10-2021,218.100006,219.309998,216.619995,218.619995,218.509796,22699400,NVDA
18-10-2021,217.490005,222.910004,216.440002,222.220001,222.107986,18949400,NVDA
19-10-2021,222.759995,223.789993,220.369995,222.899994,222.787628,16147300,NVDA
20-10-2021,223.050003,224.330002,219.820007,221.029999,220.918579,14627600,NVDA
21-10-2021,220.970001,227.110001,220.830002,226.919998,226.805618,18759000,NVDA
22-10-2021,228.229996,231.300003,225.610001,227.259995,227.145447,24938400,NVDA
25-10-2021,229.729996,233.550003,227.699997,231.660004,231.543243,23023500,NVDA
26-10-2021,239.889999,252.589996,239.240005,247.169998,247.045395,48589800,NVDA
27-10-2021,244.740005,250.899994,242.820007,244.509995,244.386749,24599000,NVDA
28-10-2021,248.779999,249.5,245.229996,249.410004,249.284286,23420400,NVDA
29-10-2021,250.009995,257.089996,250,255.669998,255.541138,29250300,NVDA
01-11-2021,256.48999,258.940002,252.270004,258.269989,258.139801,26574000,NVDA
02-11-2021,258.220001,266.779999,258,264.01001,263.876953,29411200,NVDA
03-11-2021,266.700012,267.839996,262.350006,265.980011,265.845947,23991000,NVDA
04-11-2021,272.290009,313.649994,271.179993,298.01001,297.859802,115363100,NVDA
05-11-2021,301.869995,314,294.100006,297.519989,297.370026,85126000,NVDA
08-11-2021,301.48999,311,299.070007,308.040009,307.884735,50310100,NVDA
09-11-2021,322.820007,323.100006,299.640015,306.570007,306.415466,64674600,NVDA
10-11-2021,293.559998,308.5,287.779999,294.589996,294.441498,63620600,NVDA
11-11-2021,304.679993,305.899994,297.769989,303.899994,303.746796,33217200,NVDA
12-11-2021,300.100006,306.799988,296.299988,303.899994,303.746796,41305400,NVDA
15-11-2021,305.519989,306.440002,292.470001,300.25,300.098694,38490900,NVDA
16-11-2021,297.589996,303.899994,297.059998,302.029999,301.877777,26448400,NVDA
17-11-2021,304.179993,305.089996,288,292.609985,292.462463,42850800,NVDA
18-11-2021,323.670013,327.600006,313.209991,316.75,316.590332,78171100,NVDA
19-11-2021,322.429993,330.880005,319.049988,329.850006,329.683746,53386700,NVDA
22-11-2021,335.170013,346.470001,319,319.559998,319.398926,75433500,NVDA
23-11-2021,315.350006,323.600006,308.799988,317.459991,317.299988,53216300,NVDA
24-11-2021,314.609985,328.549988,309.279999,326.73999,326.575287,43516200,NVDA
26-11-2021,326,327.100006,313.5,315.029999,314.871185,28306900,NVDA
29-11-2021,323.660004,334.119995,320.359985,333.76001,333.591766,45496400,NVDA
30-11-2021,331.690002,333.529999,318.640015,326.76001,326.595306,62206600,NVDA
01-12-2021,332.190002,332.890015,313.799988,314.350006,314.230042,48436800,NVDA
02-12-2021,312.140015,324.779999,310.25,321.26001,321.13739,47289000,NVDA
03-12-2021,320,321.290009,301.299988,306.929993,306.812836,54432500,NVDA
06-12-2021,298.799988,302.410004,280.380005,300.369995,300.255371,65893800,NVDA
07-12-2021,309.570007,324.48999,306.51001,324.269989,324.14621,59305300,NVDA
08-12-2021,319.98999,322.899994,314.209991,318.26001,318.13855,47555100,NVDA
09-12-2021,317.339996,322.049988,304.279999,304.899994,304.7836,48850700,NVDA
10-12-2021,311.5,313.049988,298.609985,301.980011,301.864777,48882500,NVDA
13-12-2021,302.48999,302.940002,281.160004,281.609985,281.502502,59834400,NVDA
14-12-2021,276.98999,286.779999,272.5,283.369995,283.261841,66703500,NVDA
15-12-2021,284,305,278.380005,304.589996,304.473724,69829700,NVDA
16-12-2021,311.519989,311.600006,280.929993,283.869995,283.761658,70736600,NVDA
17-12-2021,279.850006,289.220001,277.600006,278.01001,277.9039,71375800,NVDA
20-12-2021,273.049988,281.440002,271.450012,277.190002,277.084198,46184700,NVDA
21-12-2021,283.73999,291.200012,274.01001,290.75,290.639008,52438500,NVDA
22-12-2021,288.910004,295.549988,284.48999,294,293.887787,39518400,NVDA
23-12-2021,297.549988,300.589996,294.309998,296.399994,296.286865,34302200,NVDA
27-12-2021,296.600006,310.869995,296.399994,309.450012,309.331909,40368600,NVDA
28-12-2021,313.119995,313.299988,300.119995,303.220001,303.104279,42059100,NVDA
29-12-2021,302.730011,305.480011,293.660004,300.01001,299.895508,34313900,NVDA
30-12-2021,298.269989,304.570007,295.399994,295.859985,295.74707,30886400,NVDA
31-12-2021,296.73999,300.299988,293.309998,294.109985,293.997742,26653000,NVDA
03-01-2022,298.149994,307.109985,297.850006,301.209991,301.095032,39154700,NVDA
04-01-2022,302.769989,304.679993,283.48999,292.899994,292.788177,52715400,NVDA
05-01-2022,289.48999,294.160004,275.329987,276.040009,275.934631,49806400,NVDA
06-01-2022,276.399994,284.380005,270.649994,281.779999,281.672424,45418600,NVDA
07-01-2022,281.410004,284.220001,270.570007,272.470001,272.365997,40993900,NVDA
10-01-2022,265.809998,274.690002,256.440002,274,273.895416,59468100,NVDA
11-01-2022,273.230011,280.649994,268.390015,278.170013,278.063843,40408900,NVDA
12-01-2022,280.670013,285.950012,276.079987,279.98999,279.883118,38341300,NVDA
13-01-2022,283.790009,284.799988,264.980011,265.75,265.64856,54017100,NVDA
14-01-2022,263,271.970001,262.100006,269.420013,269.317169,39583200,NVDA
18-01-2022,262.600006,266.380005,257.700012,259.029999,258.931122,42427000,NVDA
19-01-2022,260.790009,265.429993,250.520004,250.669998,250.574326,48831500,NVDA
20-01-2022,253.039993,255.789993,240.779999,241.5,241.407822,43518100,NVDA
21-01-2022,235.070007,248.229996,232.630005,233.740005,233.650787,71895800,NVDA
24-01-2022,223.300003,233.800003,208.880005,233.720001,233.630798,91398200,NVDA
25-01-2022,225.460007,229.429993,220,223.240005,223.1548,66461600,NVDA
26-01-2022,232.399994,240.570007,223,227.720001,227.633087,75595900,NVDA
27-01-2022,235.679993,239.949997,216.75,219.440002,219.356247,57335300,NVDA
28-01-2022,220.119995,228.580002,212.960007,228.399994,228.31282,54377400,NVDA
31-01-2022,231.820007,245.089996,230.520004,244.860001,244.766541,56468000,NVDA
01-02-2022,251.039993,251.449997,238.899994,246.380005,246.285965,51892500,NVDA
02-02-2022,257.940002,258.170013,245.529999,252.419998,252.323669,54341900,NVDA
03-02-2022,244.580002,250.770004,237.800003,239.479996,239.388596,41017800,NVDA
04-02-2022,239.720001,246.350006,236.320007,243.190002,243.097183,35482900,NVDA
07-02-2022,243.720001,251.820007,242.020004,247.279999,247.185623,37686800,NVDA
08-02-2022,243.589996,252.300003,239.800003,251.080002,250.984177,41035900,NVDA
09-02-2022,256.220001,267.25,253.529999,267.049988,266.948059,52428200,NVDA
10-02-2022,259.950012,269.25,256,258.23999,258.141418,51320000,NVDA
11-02-2022,259.160004,261.519989,237.729996,239.490005,239.398605,60547200,NVDA
14-02-2022,239.339996,248.75,237.550003,242.669998,242.577377,44042400,NVDA
15-02-2022,249.490005,265.450012,247.839996,264.950012,264.848877,69986900,NVDA
16-02-2022,262.589996,265.820007,255.520004,265.109985,265.008789,73267600,NVDA
17-02-2022,256.299988,257.850006,241.649994,245.070007,244.976471,81059500,NVDA
18-02-2022,246.679993,249.860001,231,236.419998,236.329758,76125500,NVDA
22-02-2022,230.350006,240.639999,230,233.899994,233.810715,63342200,NVDA
23-02-2022,238.020004,241.550003,223.009995,223.869995,223.784546,56651100,NVDA
24-02-2022,210.149994,238,208.899994,237.479996,237.389359,73580100,NVDA
25-02-2022,237.210007,242.169998,233.809998,241.570007,241.477814,52886600,NVDA
28-02-2022,239.919998,246.649994,237.070007,243.850006,243.756927,47731900,NVDA
01-03-2022,242.910004,243.770004,231.320007,234.770004,234.680405,41205600,NVDA
02-03-2022,237.559998,244.089996,234.149994,242.199997,242.148804,38964200,NVDA
03-03-2022,242.619995,243.259995,234.690002,237.139999,237.089874,36509500,NVDA
04-03-2022,233.839996,236.800003,224.820007,229.360001,229.311523,43141500,NVDA
07-03-2022,228.169998,230.330002,213.300003,213.520004,213.474869,45082100,NVDA
08-03-2022,213.089996,223.729996,206.5,215.139999,215.094528,55746700,NVDA
09-03-2022,223.869995,232.199997,222.470001,230.139999,230.091354,49274200,NVDA
10-03-2022,225.309998,227.880005,218.820007,226.580002,226.53212,42806600,NVDA
11-03-2022,230.220001,231.449997,220.460007,221,220.953293,36720900,NVDA
14-03-2022,218.690002,222.619995,211.589996,213.300003,213.254913,38535400,NVDA
15-03-2022,215.179993,230.380005,213.220001,229.729996,229.681442,49199600,NVDA
16-03-2022,235,245.970001,231.720001,244.960007,244.908234,67142200,NVDA
17-03-2022,241.199997,248.419998,239.059998,247.660004,247.607666,47194100,NVDA
18-03-2022,247.990005,265.690002,246.240005,264.529999,264.474091,73071900,NVDA
21-03-2022,265.070007,271.519989,259.670013,267.339996,267.283478,59172700,NVDA
22-03-2022,267.269989,272.380005,260.720001,265.23999,265.183929,54700700,NVDA
23-03-2022,261.26001,266.119995,255.75,256.339996,256.285828,50212000,NVDA
24-03-2022,261.660004,283.200012,259.070007,281.5,281.440491,87737900,NVDA
25-03-2022,278.859985,283.579987,272.709991,276.920013,276.861481,57901600,NVDA
28-03-2022,277.559998,282.5,272.059998,282.190002,282.130371,42549400,NVDA
29-03-2022,286.950012,289.459991,279.799988,286.559998,286.49942,48898400,NVDA
30-03-2022,283.040009,284.959991,275.029999,276.899994,276.841461,46348700,NVDA
31-03-2022,277.820007,282.480011,272.700012,272.859985,272.802307,52344000,NVDA
01-04-2022,273.75,274.959991,262.670013,267.119995,267.063538,51723500,NVDA
04-04-2022,267.279999,275.579987,266.130005,273.600006,273.542175,39712000,NVDA
05-04-2022,272.540009,273.190002,258.200012,259.309998,259.255188,43661500,NVDA
06-04-2022,249.339996,253,240.029999,244.070007,244.018417,70383300,NVDA
07-04-2022,244.410004,247.220001,234.779999,242.080002,242.028839,55799200,NVDA
08-04-2022,239.169998,239.229996,230.619995,231.190002,231.141144,52478100,NVDA
11-04-2022,222.139999,223.199997,216.600006,219.169998,219.123672,57520700,NVDA
12-04-2022,225.369995,227.25,212.820007,215.039993,214.994537,66225800,NVDA
13-04-2022,217.279999,225,214.550003,222.029999,221.983078,51694300,NVDA
14-04-2022,225.050003,227.770004,211.630005,212.580002,212.535065,56909700,NVDA
18-04-2022,212,220.880005,210.789993,217.830002,217.783966,52570100,NVDA
19-04-2022,217.199997,223.729996,213.139999,221.979996,221.933075,51278100,NVDA
20-04-2022,225.169998,226.699997,212,214.820007,214.774597,46897400,NVDA
21-04-2022,217.089996,223.919998,200,201.830002,201.787338,65620900,NVDA
22-04-2022,203.029999,204.860001,195,195.149994,195.108749,62471300,NVDA
25-04-2022,192.020004,199.449997,190.960007,199.020004,198.977936,64156600,NVDA
26-04-2022,197.179993,197.880005,186.699997,187.880005,187.840302,65314300,NVDA
27-04-2022,185.979996,191.669998,182.899994,184.149994,184.111069,49946000,NVDA
28-04-2022,189.669998,200.369995,184.899994,197.820007,197.778198,57032700,NVDA
29-04-2022,194.020004,201.279999,185.169998,185.470001,185.430801,50043500,NVDA
02-05-2022,185.410004,195.740005,183.910004,195.330002,195.288712,57204900,NVDA
03-05-2022,194,198.25,191.330002,196.020004,195.978577,47575100,NVDA
04-05-2022,199.229996,204,187.509995,203.339996,203.297012,64885500,NVDA
05-05-2022,198.669998,199.25,185,188.440002,188.400177,62633100,NVDA
06-05-2022,187.360001,195.119995,179.899994,186.75,186.710526,63329700,NVDA
09-05-2022,180.339996,182.550003,168.270004,169.5,169.464172,64445500,NVDA
10-05-2022,176.889999,181.979996,170.25,175.949997,175.912811,76147400,NVDA
11-05-2022,173.470001,177.529999,165.679993,166.300003,166.264847,67016700,NVDA
12-05-2022,162.190002,167.880005,155.669998,161.75,161.71582,70872800,NVDA
13-05-2022,167.880005,179.279999,165.929993,177.059998,177.022568,67043700,NVDA
16-05-2022,175.089996,177.880005,171.059998,172.639999,172.603516,52144600,NVDA
17-05-2022,180.740005,183.710007,176.339996,181.770004,181.731583,58583000,NVDA
18-05-2022,177.050003,181.179993,168.639999,169.380005,169.344208,54516100,NVDA
19-05-2022,169.369995,176.869995,167.339996,171.240005,171.203812,62131000,NVDA
20-05-2022,173.320007,174.100006,157.550003,166.940002,166.904724,73910500,NVDA
23-05-2022,162.740005,169.149994,161.789993,168.979996,168.944275,63988900,NVDA
24-05-2022,165.100006,165.970001,157.800003,161.539993,161.505844,58855000,NVDA
25-05-2022,160.199997,171.110001,160,169.75,169.714127,78113200,NVDA
26-05-2022,160.360001,180.919998,160.220001,178.509995,178.47226,99657500,NVDA
27-05-2022,181.860001,188.809998,181,188.110001,188.070236,73837900,NVDA
31-05-2022,189.800003,192,183.5,186.720001,186.680542,66410000,NVDA
01-06-2022,187.240005,190.529999,181.220001,183.199997,183.16127,54451400,NVDA
02-06-2022,182.919998,196.190002,181.979996,195.919998,195.878586,64865600,NVDA
03-06-2022,190.820007,193.320007,185.220001,187.199997,187.160431,59877900,NVDA
06-06-2022,191.389999,193.369995,185.639999,187.860001,187.820297,42240600,NVDA
07-06-2022,184.720001,190,181.880005,189.259995,189.219986,38891400,NVDA
08-06-2022,187.990005,191.800003,185.350006,186.479996,186.479996,36325200,NVDA
09-06-2022,184.809998,189.330002,180.410004,180.479996,180.479996,39557400,NVDA
10-06-2022,176,176.970001,168.690002,169.740005,169.740005,46524800,NVDA
13-06-2022,160,163.119995,156.059998,156.470001,156.470001,60415300,NVDA
14-06-2022,157.309998,160.660004,154.119995,158.360001,158.360001,46968000,NVDA
15-06-2022,160.949997,168.679993,159.259995,165.270004,165.270004,56393600,NVDA
16-06-2022,158.600006,159.419998,154.009995,156.009995,156.009995,54574900,NVDA
17-06-2022,156.479996,159.949997,153.279999,158.800003,158.800003,63033400,NVDA
21-06-2022,164.75,170.080002,164.070007,165.660004,165.660004,48308900,NVDA
22-06-2022,162.259995,166.619995,161.800003,163.600006,163.600006,43713500,NVDA
23-06-2022,165.190002,165.850006,158.529999,162.25,162.25,46368000,NVDA
24-06-2022,165,171.399994,163.100006,171.259995,171.259995,47215300,NVDA
27-06-2022,173.119995,173.300003,166.259995,168.690002,168.690002,42796800,NVDA
28-06-2022,169,172.020004,159.449997,159.820007,159.820007,46114900,NVDA
29-06-2022,158.139999,158.199997,151.699997,155.419998,155.419998,48235200,NVDA
30-06-2022,153.610001,155.669998,148.619995,151.589996,151.589996,68607000,NVDA
01-07-2022,148.990005,150.630005,143.919998,145.229996,145.229996,57761000,NVDA
05-07-2022,141.75,149.710007,140.550003,149.639999,149.639999,65139700,NVDA
06-07-2022,150.100006,153.190002,147.889999,151.300003,151.300003,52906600,NVDA
07-07-2022,154.559998,159.449997,153.889999,158.580002,158.580002,49290300,NVDA
08-07-2022,154.300003,160.369995,153.889999,158.380005,158.380005,46797200,NVDA
11-07-2022,155.259995,155.270004,150.380005,151.520004,151.520004,43732100,NVDA
12-07-2022,152.679993,154.309998,148.770004,150.820007,150.820007,45848300,NVDA
13-07-2022,145.899994,153.75,144.649994,151.639999,151.639999,52191800,NVDA
14-07-2022,151.080002,154.729996,147.279999,153.720001,153.720001,45623500,NVDA
15-07-2022,156.589996,157.820007,154.449997,157.619995,157.619995,38593500,NVDA
18-07-2022,163.020004,168.970001,160.020004,161.009995,161.009995,67051700,NVDA
19-07-2022,164.860001,171.100006,161.720001,169.919998,169.919998,70236600,NVDA
20-07-2022,169.470001,179.330002,168.009995,178.070007,178.070007,76053800,NVDA
21-07-2022,178.850006,181.440002,175.449997,180.5,180.5,55704900,NVDA
22-07-2022,178.929993,179.669998,171.369995,173.190002,173.190002,53667100,NVDA
25-07-2022,170.190002,171.240005,166.490005,170.240005,170.240005,48074800,NVDA
26-07-2022,168.889999,169.190002,164.779999,165.330002,165.330002,39786500,NVDA
27-07-2022,170.320007,179.360001,169.130005,177.899994,177.899994,56977600,NVDA
28-07-2022,179.75,181.399994,174.399994,179.839996,179.839996,47464600,NVDA
29-07-2022,178.130005,182.440002,176.919998,181.630005,181.630005,43520200,NVDA
01-08-2022,181.820007,188.460007,179.899994,184.410004,184.410004,47646900,NVDA
02-08-2022,181.220001,189.380005,180.919998,185.259995,185.259995,48952700,NVDA
03-08-2022,181.839996,189.679993,181.369995,188.929993,188.929993,41814600,NVDA
04-08-2022,188.490005,192.740005,187.600006,192.149994,192.149994,40965200,NVDA
